source,target_preferred,status
A-pillar,передняя стойка кузова,candidate
A-pillar inner panel assembly,внутренняя панель стойки A в сборе,candidate
A-pillar trim,облицовка передней стойки,candidate
A-pillar upper trim panel,верхняя облицовка стойки A,candidate
abnormal door opening,несанкционированное открывание двери,candidate
ABS,ABS,approved
accelerator pedal position,положение педали акселератора,candidate
accessory drive belt,ремень привода вспомогательных агрегатов,candidate
accumulator,аккумулятор,candidate
actuator,исполнительный механизм,candidate
actuator command,команда исполнительному механизму,candidate
adapt,выполнить адаптацию,candidate
adaptive application,адаптивное приложение,candidate
adaptive cruise control,адаптивный круиз-контроль,candidate
adhesion promoter,активатор адгезии,candidate
adhesive,клей,candidate
adhesive weight,самоклеящийся балансировочный груз,candidate
adjust,отрегулировать,candidate
adjust shift cable,отрегулировать трос переключения передач,candidate
adjust the air pressure,отрегулировать давление воздуха,candidate
adjust the seat to a comfortable position,отрегулировать сиденье в удобное положение,candidate
adjust the seat to the highest position,установить сиденье в крайнее верхнее положение,candidate
adjust tire pressure,отрегулировать давление в шинах,candidate
adjustable wrench,разводной ключ,candidate
Adjustment,Регулировка,approved
advanced driver assistance system,усовершенствованная система помощи водителю,candidate
air cleaner housing,корпус воздушного фильтра,candidate
air compressor,воздушный компрессор,candidate
air conditioning compressor,компрессор кондиционера,candidate
air conditioning control panel switch,переключатель панели управления системой кондиционирования,candidate
air dryer,осушитель воздуха,candidate
air filter element,фильтрующий элемент воздушного фильтра,candidate
air gun,пневматический продувочный пистолет,candidate
air inlet duct,воздухозаборный канал,candidate
air leak,утечка воздуха,candidate
air line,пневматическая магистраль,candidate
air lock,воздушная пробка,candidate
air mix actuator,привод заслонки смешивания воздуха,candidate
air outlet duct,выпускной воздуховод,candidate
air reservoir,воздушный ресивер,candidate
air spring,пневматическая рессора,candidate
air suspension,пневматическая подвеска,candidate
air-conditioning drain pipe,дренажная трубка кондиционера,candidate
align,выровнять,candidate
align the balance mark,совместить балансировочную метку,candidate
align the dowel pins,совместить установочные штифты,candidate
align the locating tabs,совместить установочные выступы,candidate
align the marks,совместить метки,candidate
align the matchmarks,совместить монтажные метки,candidate
align the oil holes,совместить масляные отверстия,candidate
align with the mark,совместить с меткой,candidate
all-season tire,всесезонная шина,candidate
allow the engine to cool,дать двигателю остыть,candidate
allow the sealant to cure,дать герметику отвердеть,candidate
allow the welds to cool,дать сварным швам остыть,candidate
allow to cure,выдержать до отверждения,candidate
allow to dry,дать высохнуть,candidate
alloy wheel,легкосплавное колесо,candidate
alternator,генератор,candidate
alternator pulley,шкив генератора,candidate
ambient air temperature,температура окружающего воздуха,candidate
ambient temperature,температура окружающего воздуха,candidate
ambient temperature sensor,датчик температуры наружного воздуха,candidate
anaerobic sealant,анаэробный герметик,candidate
angle gauge,угломер для затяжки,candidate
angular contact bearing,радиально-упорный подшипник,candidate
anti-flutter adhesive,виброгасящий клей,candidate
anti-lock braking system,антиблокировочная система тормозов,candidate
anti-seize compound,противозадирная паста,candidate
anti-theft alarm,противоугонная сигнализация,candidate
anti-theft function,функция противоугонной системы,candidate
application of primer,нанесение грунта,candidate
application software component,прикладной программный компонент,candidate
apply,нанести,candidate
apply a continuous bead,нанести непрерывный валик герметика,candidate
apply a thin coat,нанести тонкий слой,candidate
apply around the circumference,нанести по окружности,candidate
apply bead lubricant,нанести монтажную смазку на борт шины,candidate
apply cavity wax,нанести антикоррозионный состав в скрытые полости,candidate
apply engine oil,нанести моторное масло,candidate
apply evenly,нанести равномерно,candidate
apply gear oil,нанести трансмиссионное масло,candidate
apply grease,нанести консистентную смазку,candidate
apply sealant,нанести герметик,candidate
apply sealant continuously,нанести герметик непрерывным валиком,candidate
apply seam sealer,нанести шовный герметик,candidate
apply structural adhesive,нанести конструкционный клей,candidate
apply threadlocker,нанести фиксатор резьбы,candidate
apply weld-through primer,нанести токопроводящий сварочный грунт,candidate
apron reinforcement,усилитель брызговика,candidate
armrest,подлокотник,candidate
aromatic hydrocarbons,ароматические углеводороды,candidate
aspect ratio,отношение высоты профиля к его ширине,candidate
assemble,собрать,candidate
assemble within the specified time,выполнить сборку в течение установленного времени,candidate
assembly lubricant,монтажная смазка,candidate
assist grip,поручень салона,reviewed
asymmetric tire,шина с асимметричным рисунком протектора,candidate
ATF,ATF,approved
attach,присоединить,candidate
audible warning,звуковое предупреждение,candidate
automated driving system,система автоматизированного вождения,candidate
automated lane keeping system,автоматизированная система удержания в полосе,candidate
automated valet parking,автоматизированная парковка без водителя,candidate
automatic climate control,автоматический климат-контроль,candidate
automatic emergency braking,автоматическое экстренное торможение,candidate
automatic transmission,автоматическая коробка передач,candidate
automotive Ethernet,автомобильный Ethernet,candidate
automotive safety integrity level,уровень полноты безопасности автомобиля,candidate
AUTOSAR Runtime for Adaptive Applications,среда выполнения адаптивных приложений AUTOSAR,candidate
available energy,доступная энергия,candidate
avoid excessive skin contact,избегать длительного контакта с кожей,candidate
avoid overheating the panel,не допускать перегрева панели,candidate
B-pillar,центральная стойка кузова,candidate
B-pillar lower trim panel assembly,нижняя облицовка стойки B в сборе,candidate
B-pillar trim,облицовка средней стойки,candidate
B-pillar upper trim panel assembly,верхняя облицовка стойки B в сборе,candidate
back door glass defrost braid lead repair,ремонт плетёного вывода обогревателя стекла двери багажного отделения,candidate
back door glass defrosting braid lead,плетёный вывод обогревателя стекла двери багажного отделения,candidate
back door harness,жгут проводов двери багажного отделения,candidate
back off,отвернуть,candidate
back panel,задняя панель кузова,candidate
back window opening,проём заднего стекла,candidate
backup ring,опорное кольцо уплотнения,candidate
balance shaft,балансирный вал,candidate
balance shaft chain,цепь привода балансирного вала,candidate
balance the wheel,отбалансировать колесо,candidate
ball bearing,шариковый подшипник,candidate
ball joint,шаровая опора,candidate
ball joint separator,съёмник шаровых шарниров,candidate
banjo bolt,полый болт,candidate
banjo fitting,штуцер типа банджо,candidate
basic software,базовое программное обеспечение,candidate
battery,аккумуляторная батарея,candidate
battery cable,провод аккумуляторной батареи,candidate
battery case,корпус аккумуляторной батареи,candidate
battery cell,аккумуляторный элемент,candidate
battery electric vehicle,аккумуляторный электромобиль,candidate
battery hold-down clamp,прижимная планка аккумуляторной батареи,candidate
battery management system,система управления аккумуляторной батареей,candidate
battery preconditioning,предварительная термоподготовка батареи,candidate
battery terminal,клемма аккумуляторной батареи,candidate
battery tray,поддон аккумуляторной батареи,candidate
battery voltage,напряжение аккумуляторной батареи,candidate
baulk ring,блокирующее кольцо синхронизатора,candidate
BDC,НМТ,approved
bead breaker,устройство отрыва борта шины,candidate
bead lubricant,монтажная смазка для борта шины,candidate
bead seat,посадочная полка обода,candidate
bead wire,бортовое кольцо шины,candidate
bearing cage,сепаратор подшипника,candidate
bearing clearance,зазор в подшипнике,candidate
bearing driver,оправка для установки подшипника,candidate
bearing end play,осевой люфт подшипника,candidate
bearing inner race,внутреннее кольцо подшипника,candidate
bearing outer race,наружное кольцо подшипника,candidate
bearing preload,предварительный натяг подшипника,candidate
bearing puller,съёмник подшипников,reviewed
bearing seat,посадочное место подшипника,candidate
bearing seizure,заклинивание подшипника,candidate
bell housing,картер сцепления,candidate
belt package,брекерный пояс,candidate
belt separation,расслоение брекера,candidate
belt tensioner,натяжитель ремня,candidate
bench vise,слесарные тиски,candidate
bend,согнуть,candidate
bend back,отогнуть,candidate
bladder accumulator,баллонный гидроаккумулятор,candidate
bleed,удалить воздух,candidate
bleed nipple,штуцер для удаления воздуха,candidate
bleed screw,штуцер для удаления воздуха,reviewed
bleed the brake system,удалить воздух из тормозной системы,candidate
bleed the brakes,удалить воздух из тормозной системы,candidate
bleed the cooling system,удалить воздух из системы охлаждения,candidate
bleed the hydraulic system,удалить воздух из гидравлической системы,candidate
bleeder screw,штуцер для удаления воздуха,candidate
blend door,заслонка смешивания воздуха,candidate
blind rivet,вытяжная заклёпка,candidate
blind spot detection,контроль слепых зон,candidate
blow clean,продуть сжатым воздухом,candidate
blow from back to front,продувать сзади вперёд,candidate
blow out with compressed air,продуть сжатым воздухом,candidate
blower control module,блок управления вентилятором,candidate
blower motor,электродвигатель вентилятора отопителя,candidate
blower motor resistor,резистор электродвигателя вентилятора,candidate
blower wheel,крыльчатка вентилятора отопителя,candidate
body alignment bench,стапель для правки кузова,candidate
body control module,блок управления электрооборудованием кузова,candidate
body datum point,контрольная точка кузова,candidate
body dimension,контрольный размер кузова,candidate
Body dimensions,Контрольные размеры кузова,approved
body filler,кузовная шпатлёвка,candidate
body gateway module,центральный шлюзовой модуль кузовной электроники,reviewed
body measuring system,система измерения геометрии кузова,candidate
body opening,проём кузова,candidate
body panel,кузовная панель,candidate
body rear dimensions,контрольные размеры задней части кузова,candidate
Body repair,Кузовной ремонт,approved
body sealant,кузовной герметик,candidate
body sealing materials,кузовные герметизирующие материалы,candidate
body side inner,внутренняя боковина кузова,candidate
body side outer,наружная боковина кузова,candidate
body straightening,правка кузова,candidate
body structural adhesive,конструкционный клей для кузова,candidate
body wire harness,кузовной жгут проводов,candidate
body-in-white,кузов в сборе до окраски,candidate
boiling point,температура кипения,candidate
bolt,болт,candidate
bolt on,закрепить болтами,candidate
bolt pattern,схема расположения крепёжных отверстий,candidate
bond,склеить,candidate
bonded seal,металлорезиновая уплотнительная шайба,candidate
boost control solenoid,электромагнитный клапан управления наддувом,candidate
boost pressure sensor,датчик давления наддува,candidate
boot clamp,хомут защитного чехла,candidate
bore wear,износ цилиндра,candidate
box-end wrench,накидной ключ,candidate
brake band,тормозная лента,candidate
brake booster,вакуумный усилитель тормозов,reviewed
brake booster check valve,обратный клапан усилителя тормозов,candidate
brake caliper,тормозной суппорт,candidate
brake cleaner,очиститель тормозов,candidate
brake control module,блок управления тормозной системой,candidate
brake disc,тормозной диск,candidate
brake disc thickness,толщина тормозного диска,candidate
brake drum,тормозной барабан,candidate
brake fluid,тормозная жидкость,candidate
brake fluid level,уровень тормозной жидкости,candidate
brake fluid reservoir,бачок тормозной жидкости,candidate
brake grease,смазка для тормозных механизмов,candidate
brake hose,тормозной шланг,candidate
brake master cylinder,главный тормозной цилиндр,candidate
brake pad,тормозная колодка,candidate
brake pad shim,противошумная пластина тормозной колодки,candidate
brake pad wear indicator,индикатор износа тормозной колодки,candidate
brake pedal,педаль тормоза,candidate
brake pedal free play,свободный ход педали тормоза,candidate
brake pedal position,положение педали тормоза,candidate
brake pedal travel,ход педали тормоза,candidate
brake pipe,тормозная трубка,candidate
brake pressure sensor,датчик давления в тормозной системе,candidate
brake shoe,тормозная колодка барабанного тормоза,candidate
branch harness,ответвительный жгут проводов,candidate
brass drift,латунная выколотка,candidate
braze,выполнить пайку твёрдым припоем,candidate
braze welding,сварка-пайка,candidate
break the bead,отделить борт шины от обода,candidate
breaker bar,вороток,candidate
brushable seam sealer,кистевой шовный герметик,candidate
buckling,потеря устойчивости панели,candidate
bump stop,буфер хода сжатия,candidate
bumper reinforcement,усилитель бампера,candidate
bus off state,состояние отключения от шины,candidate
bushing,втулка,candidate
butt joint,стыковое соединение,candidate
butt weld,стыковой сварной шов,candidate
bypass passage,обводной канал,candidate
C-pillar,задняя стойка кузова,candidate
C-pillar trim,облицовка задней стойки,candidate
C-pillar upper trim panel assembly,верхняя облицовка стойки C в сборе,candidate
cabin air filter,салонный фильтр,candidate
cabin temperature,температура в салоне,candidate
cage nut,закладная гайка,candidate
calibrate,откалибровать,candidate
calibrate steering angle sensor,откалибровать датчик угла поворота рулевого колеса,candidate
caliper bracket,скоба тормозного суппорта,candidate
caliper guide pin,направляющий палец суппорта,candidate
caliper piston,поршень тормозного суппорта,candidate
camber angle,угол развала колеса,candidate
camshaft,распределительный вал,candidate
camshaft bearing cap,крышка подшипника распределительного вала,candidate
camshaft end play,осевой зазор распределительного вала,candidate
camshaft lobe,кулачок распределительного вала,candidate
camshaft oil seal,сальник распределительного вала,candidate
camshaft phaser,фазорегулятор распределительного вала,candidate
camshaft position sensor,датчик положения распределительного вала,candidate
CAN bus,шина CAN,candidate
CAN communication,обмен данными по шине CAN,candidate
CAN flexible data-rate,CAN с гибкой скоростью передачи данных,candidate
CAN signal,сигнал шины CAN,candidate
carbon brush,угольная щётка,candidate
carbon monoxide,оксид углерода,candidate
carcass,каркас шины,candidate
carpet,ковровое покрытие пола,candidate
caster angle,угол продольного наклона оси поворота,candidate
castle nut,корончатая гайка,candidate
catalytic converter,каталитический нейтрализатор,candidate
Caution,Внимание,approved
cavitation,кавитация,candidate
cavity wax,антикоррозионный состав для скрытых полостей,candidate
cell balancing,балансировка элементов батареи,candidate
center,отцентрировать,candidate
center bearing,промежуточная опора карданного вала,candidate
center cap,центральный колпачок колеса,candidate
center console,центральная консоль,candidate
center differential,межосевой дифференциал,candidate
center finish panel,центральная декоративная панель,candidate
center punch,кернер,candidate
center the steering wheel,установить рулевое колесо в среднее положение,candidate
center tunnel lower front reinforcement,нижний передний усилитель центрального тоннеля,candidate
center vent,центральный дефлектор,candidate
center wear,износ центральной части протектора,candidate
centerline,продольная ось кузова,candidate
central console display,дисплей центральной консоли,candidate
central gateway,центральный шлюз,candidate
change the engine oil,заменить моторное масло,candidate
charge,зарядить,candidate
charge air cooler,охладитель наддувочного воздуха,candidate
charge air hose,шланг наддувочного воздуха,candidate
charge the specified amount of refrigerant,заправить установленное количество хладагента,candidate
charging connector,зарядный соединитель,candidate
charging inlet,зарядный разъём автомобиля,candidate
charging point,зарядная точка,candidate
charging session,сеанс зарядки,candidate
charging station,зарядная станция,candidate
charging system,система зарядки,candidate
chase the thread,восстановить резьбу,candidate
check,проверить,candidate
check and measure the position dimensions,проверить и измерить установочные размеры,candidate
check bearing preload,проверить предварительный натяг подшипника,candidate
check bearing rotation,проверить вращение подшипника,candidate
check brake fluid level,проверить уровень тормозной жидкости,candidate
check connector engagement,проверить фиксацию разъёма,candidate
check cooling performance,проверить эффективность охлаждения,candidate
check fluid level,проверить уровень рабочей жидкости,candidate
check for abnormal noise,проверить на наличие постороннего шума,candidate
check for clogging,проверить на наличие засорения,candidate
check for continuity,проверить электрическую цепь на обрыв,candidate
check for coolant leaks,проверить систему на отсутствие утечек охлаждающей жидкости,candidate
check for corrosion,проверить на наличие коррозии,candidate
check for cracks,проверить на наличие трещин,candidate
check for damage,проверить на наличие повреждений,candidate
check for deformation,проверить на наличие деформации,candidate
check for deformation or corrosion,проверить на наличие деформации или коррозии,candidate
check for diagnostic trouble codes,проверить наличие диагностических кодов неисправностей,candidate
check for excessive play,проверить на наличие чрезмерного люфта,candidate
check for free movement,проверить свободу перемещения,candidate
check for leakage,проверить на наличие утечек,reviewed
check for leakage after assembly,после сборки проверить на наличие утечек,candidate
check for leaks,проверить на наличие утечек,candidate
check for looseness,проверить на наличие люфта,candidate
check for oil leaks,проверить на отсутствие утечек масла,candidate
check for play,проверить наличие люфта,candidate
check for smooth operation,проверить плавность работы,candidate
check for wear,проверить на наличие износа,candidate
check operation,проверить работу,candidate
check terminal tension,проверить усилие удержания контакта,candidate
check the body dimensions,проверить контрольные размеры кузова,candidate
check the clearance,проверить зазор,candidate
check the connector terminals,проверить контакты разъёма,candidate
check the coolant concentration,проверить концентрацию охлаждающей жидкости,candidate
check the coolant level,проверить уровень охлаждающей жидкости,candidate
check the end play,проверить осевой зазор,candidate
check the fluid level,проверить уровень рабочей жидкости,candidate
check the flushness,проверить положение панелей по высоте,candidate
check the ground connection,проверить соединение с массой,candidate
check the installation depth,проверить глубину установки,candidate
check the oil level,проверить уровень масла,candidate
check the oil pressure,проверить давление масла,candidate
check the panel gaps,проверить зазоры между панелями,candidate
check the power supply,проверить цепь питания,candidate
check the resistance,измерить сопротивление,candidate
check the voltage,измерить напряжение,candidate
check tire pressure,проверить давление в шинах,candidate
check valve,обратный клапан,candidate
check wheel alignment,проверить углы установки колёс,candidate
check wheel runout,проверить биение колеса,candidate
circlip,стопорное кольцо,candidate
circuit breaker,автоматический выключатель,candidate
clamp the panel in position,зафиксировать панель зажимами,candidate
clean,очистить,candidate
clean the mating surfaces,очистить сопрягаемые поверхности,candidate
clean the surface of foreign matter,очистить поверхность от посторонних материалов,candidate
clean the thread,очистить резьбу,candidate
cleaning solvent,очиститель-растворитель,candidate
clear diagnostic information,очистка диагностической информации,candidate
clear diagnostic trouble codes,удалить диагностические коды неисправностей,candidate
clear the fault memory,очистить память неисправностей,candidate
clearance fit,посадка с зазором,candidate
clevis pin,палец вилки,candidate
clip,зажим,candidate
clip into place,зафиксировать зажимами,candidate
clip-on weight,набивной балансировочный груз,candidate
closure panel,закрывающая панель,candidate
clutch actuator,исполнительный механизм сцепления,candidate
clutch cover,кожух сцепления,candidate
clutch disc,ведомый диск сцепления,candidate
clutch engagement point,точка включения сцепления,candidate
clutch judder,рывки при включении сцепления,candidate
clutch master cylinder,главный цилиндр привода сцепления,candidate
clutch pack,пакет фрикционов,candidate
clutch pedal free play,свободный ход педали сцепления,candidate
clutch pressure plate,нажимной диск сцепления,candidate
clutch release bearing,подшипник выключения сцепления,reviewed
clutch release fork,вилка выключения сцепления,candidate
clutch slave cylinder,рабочий цилиндр привода сцепления,candidate
clutch slip,пробуксовка сцепления,candidate
coat,покрыть,candidate
coat with engine oil,смазать моторным маслом,candidate
coat with grease,нанести консистентную смазку,candidate
coil spring,винтовая пружина,candidate
cold engine,холодный двигатель,candidate
cold tire pressure,давление в холодной шине,candidate
collision damage,аварийное повреждение,candidate
combination wrench,комбинированный ключ,candidate
combined charging system,комбинированная зарядная система,candidate
combustion chamber,камера сгорания,candidate
common rail,аккумуляторная топливная рампа,candidate
communication bus,шина связи,candidate
communication control,управление связью,candidate
communication management,управление связью,candidate
compact spare tire,малоразмерное запасное колесо,candidate
compare with specification,сравнить с установленным значением,candidate
compare with the specification,сравнить с установленным значением,candidate
composite gasket,композитная прокладка,candidate
compressed air,сжатый воздух,candidate
compression gauge,компрессометр,candidate
compression pressure,давление сжатия,candidate
compression ratio,степень сжатия,candidate
compression ring,компрессионное кольцо,candidate
compressor clutch,муфта компрессора кондиционера,candidate
compressor control valve,регулирующий клапан компрессора,candidate
compressor oil,масло компрессора кондиционера,candidate
concrete scenario,конкретный сценарий,candidate
condenser,конденсор,candidate
conductive adhesive,токопроводящий клей,candidate
conductive charging,контактная зарядка,candidate
configure,настроить,candidate
confined space,замкнутое пространство,candidate
confirm,подтвердить,candidate
connect,подсоединить,candidate
connect the horn harness connector,подсоединить разъём жгута проводов звукового сигнала,candidate
connecting rod,шатун,candidate
connecting rod bearing,шатунный подшипник,candidate
connecting rod bearing shell,вкладыш шатунного подшипника,candidate
connector housing,корпус разъёма,candidate
connector terminal,контакт разъёма,candidate
console side panel,боковая панель консоли,candidate
constant velocity joint,шарнир равных угловых скоростей,candidate
contact cleaner,очиститель электрических контактов,candidate
contaminated area,загрязнённый участок,candidate
contaminated oil,загрязнённое масло,candidate
Content,Содержимое,reviewed
Contents,Содержание,approved
continuity test,проверка целостности цепи,candidate
continuously variable transmission,бесступенчатая трансмиссия,candidate
control arm,рычаг подвески,candidate
control arm bushing,сайлентблок рычага подвески,candidate
control module,блок управления,candidate
control valve body,блок гидравлических клапанов,candidate
controller area network,сеть контроллеров,candidate
coolant,охлаждающая жидкость,candidate
coolant circulation,циркуляция охлаждающей жидкости,candidate
coolant concentration,концентрация охлаждающей жидкости,candidate
coolant flow,поток охлаждающей жидкости,candidate
coolant inlet,входной патрубок охлаждающей жидкости,candidate
coolant leak,утечка охлаждающей жидкости,candidate
coolant leak check,проверка на утечки охлаждающей жидкости,candidate
coolant level check,проверка уровня охлаждающей жидкости,candidate
coolant level sensor,датчик уровня охлаждающей жидкости,candidate
coolant mixture,смесь охлаждающей жидкости,candidate
coolant outlet,выходной патрубок охлаждающей жидкости,candidate
coolant passage,канал охлаждающей жидкости,candidate
coolant pipe,трубопровод охлаждающей жидкости,candidate
coolant pump,насос охлаждающей жидкости,candidate
coolant refill hose,шланг заправки охлаждающей жидкости,candidate
coolant reservoir,бачок охлаждающей жидкости,candidate
coolant seepage,просачивание охлаждающей жидкости,candidate
coolant temperature sensor,датчик температуры охлаждающей жидкости,candidate
coolant vent pipe,воздухоотводящая трубка системы охлаждения,candidate
cooling fan,вентилятор системы охлаждения,candidate
cooling fan speed,частота вращения вентилятора системы охлаждения,candidate
cooling fin,охлаждающая пластина,candidate
cooling module,модуль охлаждения,candidate
cooling module cleaning,очистка модуля охлаждения,candidate
cooling module inspection,проверка модуля охлаждения,candidate
cooling system,система охлаждения,candidate
cooling system pressure,давление в системе охлаждения,candidate
cooling system pressure tester,прибор для проверки герметичности системы охлаждения,candidate
copper sealing washer,медная уплотнительная шайба,candidate
cord,корд,candidate
corrosion perforation,сквозная коррозия,candidate
corrosion protection,антикоррозионная защита,approved
cotter pin,шплинт,candidate
countershaft,промежуточный вал,candidate
cover the exposed components,закрыть открытые компоненты,candidate
cowl panel,панель передка кузова,candidate
crack,трещина,candidate
crankcase breather hose,шланг вентиляции картера,candidate
crankcase ventilation,вентиляция картера,candidate
crankcase ventilation hose,шланг вентиляции картера,candidate
cranking voltage,напряжение при прокручивании,candidate
crankpin,шатунная шейка коленчатого вала,reviewed
crankshaft,коленчатый вал,candidate
crankshaft end play,осевой зазор коленчатого вала,candidate
crankshaft journal,шейка коленчатого вала,candidate
crankshaft main journal,коренная шейка коленчатого вала,candidate
crankshaft position sensor,датчик положения коленчатого вала,candidate
crankshaft pulley,шкив коленчатого вала,candidate
crankshaft thrust washer,упорная шайба коленчатого вала,candidate
crash box,энергопоглощающий элемент бампера,candidate
crease,резкая складка,candidate
crimp,обжать,candidate
cross rotation,перекрёстная перестановка колёс,candidate
crush washer,деформируемая уплотнительная шайба,candidate
cryptography,криптографические службы,candidate
cupping wear,чашеобразный износ,candidate
cured foam,отверждённая пена,candidate
cut,отрезать,candidate
cut along the marked line,разрезать по отмеченной линии,candidate
cut location,место реза,candidate
cut the thread,нарезать резьбу,candidate
cut-in manoeuvre,манёвр перестроения перед автомобилем,candidate
cut-out manoeuvre,манёвр освобождения полосы перед автомобилем,candidate
cutting line,линия реза,candidate
cybersecurity management system,система управления кибербезопасностью,candidate
cylinder barrel,гильза гидроцилиндра,candidate
cylinder block,блок цилиндров,candidate
cylinder bore,цилиндр цилиндрового блока,reviewed
cylinder head,головка блока цилиндров,candidate
cylinder head cover,крышка головки блока цилиндров,candidate
cylinder head gasket,прокладка головки блока цилиндров,candidate
cylinder head-to-block joint,стык головки блока цилиндров с блоком цилиндров,candidate
cylinder liner,гильза цилиндра,candidate
cylinder out-of-round,овальность цилиндра,candidate
cylinder rod,шток гидроцилиндра,candidate
cylinder taper,конусность цилиндра,candidate
D-pillar trim panel mounting hole,отверстие крепления облицовки стойки D,candidate
Danger,Опасно,approved
dash panel,щит передка,candidate
data broker,брокер данных,candidate
data point,точка данных,candidate
DC/DC converter,преобразователь постоянного тока,candidate
deburr,зачистить заусенцы,candidate
deck lid,крышка багажника,candidate
deck lid inner panel,внутренняя панель крышки багажника,candidate
deck lid outer panel,наружная панель крышки багажника,candidate
deep socket,удлинённая торцовая головка,candidate
deflate the tire,стравить воздух из шины,candidate
defogging,устранение запотевания,candidate
deformation,деформация,candidate
defrost braided lead,плетёный вывод обогревателя стекла,candidate
defrost bus lead,токоведущий вывод обогревателя стекла,candidate
defrost mode,режим обдува ветрового стекла,candidate
defrost relay,реле обогрева стекла,candidate
defrost request signal,сигнал запроса обогрева стекла,candidate
defrost switch,выключатель обогрева стекла,candidate
defroster duct,воздуховод обдува ветрового стекла,candidate
defrosting and demisting system,система удаления инея и запотевания,candidate
defrosting effect,эффект удаления инея,candidate
degrease,обезжирить,candidate
degrease the sealing surface,обезжирить уплотняемую поверхность,candidate
demount the tire,снять шину с обода,candidate
dent,вмятина,candidate
depressurize,сбросить давление,candidate
depressurize the system,сбросить давление в системе,candidate
Description and operation,Описание и работа,approved
desired memory position,требуемое запоминаемое положение сиденья,candidate
detach,отсоединить,candidate
detent ball,фиксирующий шарик,candidate
detent spring,пружина фиксатора,candidate
diagnostic communication manager,менеджер диагностической связи,candidate
diagnostic event manager,менеджер диагностических событий,candidate
diagnostic session,диагностический сеанс,candidate
diagnostic session control,управление диагностическим сеансом,candidate
diagnostic tool,диагностический прибор,candidate
diagnostic trouble code,диагностический код неисправности,candidate
diagnostics over Internet Protocol,диагностика поверх интернет-протокола,candidate
diagonal measurement,диагональный размер,candidate
dial gauge stand,стойка индикатора,candidate
dial indicator,индикатор часового типа,candidate
diaphragm accumulator,мембранный гидроаккумулятор,candidate
diaphragm spring,диафрагменная пружина,candidate
diesel exhaust fluid,водный раствор мочевины для системы SCR,candidate
diesel particulate filter,сажевый фильтр дизельного двигателя,reviewed
differential,дифференциал,candidate
differential carrier,корпус дифференциала,candidate
differential case,корпус дифференциала,candidate
differential lock,блокировка дифференциала,candidate
differential pinion,сателлит дифференциала,candidate
differential ring gear,ведомая шестерня главной передачи,reviewed
differential side gear,полуосевая шестерня дифференциала,candidate
dimensional difference,допуск размера,candidate
direct contact protection,защита от прямого контакта,candidate
directional control valve,распределительный клапан,candidate
directional tire,шина с направленным рисунком протектора,candidate
disassemble,разобрать,candidate
Disassembly and assembly,Разборка и сборка,approved
disc runout,биение тормозного диска,candidate
discard,утилизировать,candidate
discard after removal,утилизировать после снятия,candidate
discharge,разрядить,candidate
disconnect,отсоединить,candidate
disconnect the floor harness connector,отсоединить разъём жгута проводов пола,candidate
disconnect the seat harness fixing clips,отсоединить фиксаторы жгута проводов сиденья,candidate
disengage,вывести из зацепления,candidate
display host unit,головное устройство дисплея,candidate
do not apply excessive sealant,не наносить избыточное количество герметика,candidate
do not bend,не сгибать,candidate
do not damage,не допускать повреждения,candidate
do not damage the clips,не повредить клипсы,candidate
do not damage the sealing lip,не повредить рабочую кромку манжеты,candidate
do not induce vomiting,не вызывать рвоту,candidate
do not overheat the conductor,не перегревать токопроводящую дорожку,candidate
do not pull on the wiring,не тянуть за провода,candidate
do not remove the cap when hot,не снимать крышку на горячем двигателе,candidate
do not reuse,не использовать повторно,reviewed
do not reuse the gasket,не использовать прокладку повторно,candidate
do not twist,не перекручивать,candidate
do not use gasoline as a cleaning agent,не использовать бензин в качестве очистителя,candidate
door hinge reinforcement,усилитель крепления петли двери,candidate
door intrusion beam,усилитель двери,candidate
door lock confirmation beep,звуковой сигнал подтверждения запирания дверей,candidate
door opening,дверной проём,candidate
door opening seal,уплотнитель дверного проёма,candidate
door pull handle,ручка закрывания двери,candidate
door rocker inner panel assembly,внутренняя панель порога кузова в сборе,candidate
door sill inner panel assembly,внутренняя панель порога в сборе,candidate
door sill trim panel,накладка порога дверного проёма,candidate
door striker reinforcement,усилитель крепления замка двери,candidate
door trim panel,обивка двери,candidate
door unlock confirmation beep,звуковой сигнал подтверждения отпирания дверей,candidate
double-acting cylinder,гидроцилиндр двустороннего действия,candidate
dowel pin,установочный штифт,candidate
downstream oxygen sensor,нижний датчик кислорода,candidate
drain,слить,candidate
drain completely,полностью слить,candidate
drain line,дренажная магистраль,candidate
drain the coolant,слить охлаждающую жидкость,candidate
drill,просверлить,candidate
drill a hole,просверлить отверстие,candidate
drill out,высверлить,candidate
drill out the spot welds,высверлить точки контактной сварки,reviewed
drivable area,"область, доступная для движения",candidate
drive gear,ведущая шестерня,candidate
drive in,забить,candidate
drive out,выбить,candidate
drive pinion,ведущая шестерня главной передачи,candidate
drive shaft,приводной вал,candidate
driven gear,ведомая шестерня,candidate
driver,монтажная оправка,candidate
driver availability recognition system,система распознавания готовности водителя,candidate
driver monitoring system,система контроля состояния водителя,candidate
driver seat,сиденье водителя,candidate
driver seat module,модуль сиденья водителя,candidate
driver seat sliding rail,салазки сиденья водителя,candidate
dry,высушить,candidate
dry insulating material,сухой изоляционный материал,candidate
dry rot,растрескивание резины от старения,candidate
dry with compressed air,высушить сжатым воздухом,candidate
DTC,DTC,approved
dual clutch,двойное сцепление,candidate
dual-clutch transmission,роботизированная коробка передач с двумя сцеплениями,candidate
dual-mass flywheel,двухмассовый маховик,candidate
dual-zone climate control,двухзонный климат-контроль,candidate
dust boot,пылезащитный чехол,candidate
dust lip,пылезащитная кромка манжеты,candidate
dynamic driving task,динамическая задача вождения,candidate
dynamic imbalance,динамический дисбаланс,candidate
ECU,ЭБУ,approved
ECU reset,сброс электронного блока управления,candidate
ego vehicle,собственный автомобиль,candidate
electric drive unit,электрический приводной агрегат,candidate
electric heating glass defrosting,электрообогрев стекла,candidate
electric machine,электрическая машина,candidate
electric parking brake,электрический стояночный тормоз,candidate
electric power steering,электроусилитель рулевого управления,candidate
electric shock,поражение электрическим током,candidate
electric shock protection,защита от поражения электрическим током,candidate
electric vehicle communication controller,контроллер связи электромобиля,candidate
electric vehicle supply equipment,оборудование питания электромобиля,candidate
electrical equipment,электрооборудование,candidate
electrical fault,электрическая неисправность,candidate
electronic control unit,электронный блок управления,candidate
electronic stability control,система электронной стабилизации,candidate
end-to-end protection,сквозная защита данных,candidate
energize the horn relay,подать питание на реле звукового сигнала,candidate
engage,ввести в зацепление,candidate
engage the parking brake,включить стояночный тормоз,candidate
engine assembly,двигатель в сборе,candidate
engine bottom shield,нижняя защита двигателя,candidate
engine control module,блок управления двигателем,candidate
engine coolant,охлаждающая жидкость двигателя,candidate
engine coolant temperature,температура охлаждающей жидкости двигателя,candidate
engine coolant temperature sensor,датчик температуры охлаждающей жидкости двигателя,candidate
engine cooling system,система охлаждения двигателя,candidate
engine mount,опора двигателя,candidate
engine mounting bracket,кронштейн опоры двигателя,candidate
engine no-load condition,работа двигателя без нагрузки,candidate
engine oil,моторное масло,candidate
engine oil level check,проверка уровня моторного масла,candidate
engine oil pan,масляный поддон двигателя,reviewed
engine oil sump,масляный поддон двигателя,candidate
engine speed remains stable,частота вращения двигателя остаётся стабильной,candidate
engine switched off,двигатель выключен,candidate
engine valve stem,стержень клапана двигателя,reviewed
engine wire harness,жгут проводов двигателя,candidate
ensure the connector is fully engaged,убедиться что разъём полностью соединён,candidate
epoxy primer,эпоксидный грунт,candidate
etch primer,кислотный грунт,candidate
evacuate the system,вакуумировать систему,candidate
evaporative emission canister,адсорбер паров топлива,candidate
evaporator,испаритель,candidate
evaporator temperature sensor,датчик температуры испарителя,candidate
even gear clutch,сцепление чётных передач,candidate
examine,проверить,candidate
excessive oil pressure,повышенное давление масла,candidate
execution management,управление выполнением,candidate
exhaust gas recirculation cooler,охладитель системы рециркуляции отработавших газов,candidate
exhaust gas recirculation valve,клапан рециркуляции отработавших газов,candidate
exhaust gas temperature sensor,датчик температуры отработавших газов,candidate
exhaust manifold,выпускной коллектор,candidate
exhaust valve,выпускной клапан,candidate
exhaust ventilation equipment,оборудование вытяжной вентиляции,candidate
expansion tank,расширительный бачок,candidate
expansion valve,терморегулирующий вентиль,candidate
extended-range electric vehicle,электромобиль с увеличенным запасом хода,candidate
extension bar,удлинитель,candidate
exterior rearview mirror heater,нагревательный элемент наружного зеркала заднего вида,candidate
exterior rearview mirror heating wire,нагревательный элемент наружного зеркала заднего вида,candidate
external leakage,наружная утечка,candidate
external retaining ring,наружное стопорное кольцо,candidate
extract,извлечь,candidate
eye protection equipment,средства защиты глаз,candidate
eyewash equipment,устройство для промывания глаз,candidate
fallback,резервный режим выполнения задачи вождения,candidate
fallback-ready user,"пользователь, готовый принять управление",candidate
fan control module,модуль управления вентилятором,candidate
fan motor,электродвигатель вентилятора,candidate
fan shroud,кожух вентилятора,candidate
fault memory,память неисправностей,candidate
faulty equipment,неисправное оборудование,candidate
feathered wear,пилообразный износ,candidate
feeler gauge,набор щупов,candidate
fibrous material,волокнистый материал,candidate
fill,заполнить,candidate
fill the cooling system,заполнить систему охлаждения,candidate
fill with hydraulic fluid,заполнить гидравлической жидкостью,candidate
fill with specified fluid,заправить рекомендованной рабочей жидкостью,candidate
fill with the specified oil,заправить указанным маслом,candidate
fillet weld,угловой сварной шов,candidate
filter bypass valve,перепускной клапан фильтра,candidate
filter element,фильтрующий элемент,candidate
filter housing,корпус фильтра,candidate
final drive,главная передача,candidate
final drive ratio,передаточное число главной передачи,candidate
fine steel wool,тонкая стальная вата,candidate
finger-tighten,затянуть пальцами,candidate
finishing putty,финишная шпатлёвка,candidate
fire hazard,пожароопасность,candidate
fire safety requirements,требования пожарной безопасности,candidate
first aid,первая помощь,candidate
flagship model,топовая комплектация,candidate
flammable solvent,легковоспламеняющийся растворитель,candidate
flange,фланец панели,candidate
flange bolt,фланцевый болт,candidate
flange nut,фланцевая гайка,candidate
flange yoke,фланцевая вилка,candidate
flanged joint,фланцевое соединение,candidate
flare,развальцевать,candidate
flare nut wrench,разрезной ключ для трубок,candidate
flat spot,местная деформация протектора,candidate
flat surface,ровная горизонтальная площадка,candidate
flat washer,плоская шайба,candidate
flat-blade screwdriver,шлицевая отвёртка,candidate
flexible hose,гибкий шланг,candidate
flexplate,ведущий диск гидротрансформатора,candidate
FlexRay,FlexRay,candidate
floor crossmember,поперечина пола,candidate
floor duct,напольный воздуховод,candidate
floor harness assembly,жгут проводов пола в сборе,candidate
floor mat,коврик пола,candidate
flow control valve,регулятор расхода,candidate
flow rate,расход рабочей жидкости,candidate
flow sensor,датчик расхода,candidate
flow-form screw,формующий винт,candidate
fluid aeration,аэрация рабочей жидкости,candidate
fluid reservoir,бачок рабочей жидкости,candidate
fluorescent dye,флуоресцентный краситель,candidate
flush,промыть,candidate
flush the cooling system,промыть систему охлаждения,candidate
flywheel,маховик,candidate
flywheel ring gear,зубчатый венец маховика,reviewed
foam insulator,пеноматериал шумоизоляции,candidate
foam pad,пенополиуретановая прокладка,candidate
fold back,отогнуть,candidate
for compliance with standards,на соответствие нормативным значениям,candidate
form-in-place gasket,формируемая на месте прокладка,candidate
forward clutch,муфта переднего хода,candidate
forward collision warning,предупреждение о фронтальном столкновении,candidate
freedom from interference,независимость от взаимного влияния,candidate
freeze frame data,данные стоп-кадра,candidate
freezing point,температура замерзания,candidate
fresh air area,зона с чистым воздухом,candidate
friction plate,фрикционный диск,candidate
front apron panel,передняя панель брызговика,candidate
front bumper reinforcement,усилитель переднего бампера,candidate
front compartment harness assembly,жгут проводов моторного отсека в сборе,reviewed
front crankshaft oil seal,передний сальник коленчатого вала,candidate
front crankshaft seal,передний сальник коленчатого вала,candidate
front crossmember,передняя поперечина,candidate
front door inner panel,внутренняя панель передней двери,candidate
front door outer panel,наружная панель передней двери,candidate
front fender,переднее крыло,candidate
front floor,передняя панель пола,candidate
front floor middle channel assembly,центральный тоннель передней панели пола в сборе,candidate
front floor panel,передняя панель пола,candidate
front floor upper side member,верхний лонжерон передней панели пола,candidate
front headrest guide sleeve,направляющая втулка подголовника переднего сиденья,candidate
front headrest locking guide sleeve,фиксирующая направляющая втулка подголовника переднего сиденья,candidate
front passenger seat sliding rail,салазки сиденья переднего пассажира,candidate
front power seat assembly,переднее сиденье с электроприводом в сборе,candidate
front seat,переднее сиденье,candidate
front seat front cross member assembly,передняя поперечина переднего сиденья в сборе,candidate
front seat headrest,подголовник переднего сиденья,candidate
front seat rear cross member assembly,задняя поперечина переднего сиденья в сборе,candidate
front seat sliding rail,салазки переднего сиденья,candidate
front section of the seat sliding rail,передняя часть салазок сиденья,candidate
front side member,передний лонжерон,candidate
front side member body assembly,лонжерон передней части кузова в сборе,candidate
front track width,колея передних колёс,candidate
front wall lower panel assembly,нижняя панель передней стенки в сборе,candidate
front wall upper sub-assembly,верхний узел передней стенки,candidate
front windscreen heated defrost control,управление электрообогревом ветрового стекла,candidate
front windscreen heater,нагревательный элемент ветрового стекла,candidate
front-to-rear rotation,перестановка колёс спереди назад,candidate
fuel cell vehicle,автомобиль на топливных элементах,candidate
fuel feed line,топливоподающий трубопровод,candidate
fuel filler pipe,наливная труба топливного бака,candidate
fuel filter,топливный фильтр,candidate
fuel injector,топливная форсунка,candidate
fuel leak check,проверка на утечки топлива,candidate
fuel leakage trace,следы утечки топлива,candidate
fuel level sensor,датчик уровня топлива,candidate
fuel metering valve,дозирующий клапан топлива,candidate
fuel pipe joint,соединение топливопровода,candidate
fuel pressure gauge,манометр давления топлива,candidate
fuel pressure regulator,регулятор давления топлива,candidate
fuel pressure sensor,датчик давления топлива,candidate
fuel pump module,модуль топливного насоса,reviewed
fuel rail,топливная рампа,candidate
fuel rail injector subassembly,топливная рампа с форсунками в сборе,candidate
fuel return line,топливопровод обратной подачи,reviewed
fuel storage equipment,оборудование для хранения топлива,candidate
fuel supply line,топливопровод подачи топлива,reviewed
fuel supply pipe,топливоподающий трубопровод,candidate
fuel tank,топливный бак,candidate
fuel tank body,корпус топливного бака,candidate
fuel tank pressure sensor,датчик давления в топливном баке,candidate
fuel vapor,пары топлива,candidate
functional cluster,функциональный кластер,candidate
functional safety,функциональная безопасность,candidate
functional scenario,функциональный сценарий,candidate
fundamental frequency,основная частота,candidate
fuse,предохранитель,candidate
fuse box,блок предохранителей,candidate
fusible link,плавкая вставка,candidate
gasket,прокладка,candidate
gasoline particulate filter,фильтр твёрдых частиц бензинового двигателя,candidate
gasoline vapor concentration,концентрация паров бензина,candidate
gear backlash,боковой зазор в зацеплении,candidate
gear oil,трансмиссионное масло,candidate
gear pump,шестерённый насос,candidate
gear set,комплект шестерён,candidate
gear wheel,зубчатое колесо,candidate
General information,Общие сведения,approved
general ventilation equipment,общеобменная вентиляция,candidate
glass heating temperature,температура нагрева стекла,candidate
glove compartment,вещевой ящик,candidate
glove compartment damper,демпфер вещевого ящика,candidate
glow plug,свеча накаливания,candidate
glow plug control module,блок управления свечами накаливания,candidate
grind,шлифовать,deprecated
grind the surface,шлифовать поверхность,reviewed
grind the weld,зачистить сварной шов,reviewed
grind the welds flush,зачистить сварные швы заподлицо,candidate
grinding wheel,шлифовальный круг,candidate
ground circuit,цепь массы,candidate
ground clearance,дорожный просвет,candidate
ground point,точка массы,candidate
ground strap,перемычка массы,candidate
ground truth,эталонные данные,candidate
half shaft,полуось,candidate
hand-tighten,затянуть от руки,candidate
hardware security module,аппаратный модуль безопасности,candidate
hazard analysis and risk assessment,анализ опасностей и оценка рисков,candidate
head restraint,подголовник,candidate
headliner,обивка потолка,candidate
hearing protection equipment,средства защиты органов слуха,candidate
heat dissipation opening,проход для отвода тепла,candidate
heated oxygen sensor,подогреваемый датчик кислорода,candidate
heater core,радиатор отопителя,candidate
heater hose,шланг отопителя,candidate
heater unit,блок отопителя,candidate
heating equipment,нагревательное оборудование,candidate
heating resistance wire,резистивная нагревательная нить,candidate
heating ventilation and air conditioning,система отопления вентиляции и кондиционирования,candidate
height control valve,клапан регулирования высоты кузова,candidate
hem flange,завальцованный фланец,candidate
hem flange adhesive,клей для завальцованных соединений,candidate
hex key,шестигранный ключ,candidate
high range,повышающий ряд,candidate
high resistance connection,соединение с повышенным сопротивлением,candidate
high-decibel noise,шум высокого уровня,candidate
high-power electrical loads,мощные электрические потребители,candidate
high-pressure fuel pump,топливный насос высокого давления,candidate
high-pressure line,магистраль высокого давления,candidate
high-strength threadlocker,фиксатор резьбы высокой прочности,candidate
high-voltage battery,высоковольтная аккумуляторная батарея,candidate
high-voltage bus,высоковольтная шина,candidate
high-voltage interlock loop,контур блокировки высоковольтной цепи,candidate
highest temperature setting,максимальная заданная температура,candidate
highly flammable material,легковоспламеняющийся материал,candidate
hinge mounting hole,отверстие крепления петли,candidate
hold,удерживать,candidate
hold in position,удерживать в требуемом положении,candidate
hone,хонинговать,candidate
hood hinge reinforcement,усилитель крепления петли капота,candidate
hood inner panel,внутренняя панель капота,candidate
hood outer panel,наружная панель капота,candidate
hook into place,установить на крючок,candidate
horn button,кнопка звукового сигнала,candidate
horn circuit,цепь звукового сигнала,candidate
horn current consumption,потребляемый ток звукового сигнала,candidate
horn harness connector,разъём жгута проводов звукового сигнала,candidate
horn mounting bolt,болт крепления звукового сигнала,candidate
horn rated voltage,номинальное напряжение звукового сигнала,candidate
horn relay,реле звукового сигнала,candidate
horn relay actuation,срабатывание реле звукового сигнала,candidate
horn switch,выключатель звукового сигнала,candidate
horn system,звуковая сигнальная система,candidate
horn system working principle,принцип работы системы звукового сигнала,candidate
horn test current,ток при проверке звукового сигнала,candidate
horn tweeter,высокочастотный звуковой сигнал,candidate
horn warning signal,предупредительный звуковой сигнал,candidate
horn woofer,низкочастотный звуковой сигнал,candidate
hose clamp,хомут шланга,candidate
hot tire pressure,давление в нагретой шине,candidate
hub bolt,болт ступицы,candidate
hub bore,диаметр центрального отверстия,candidate
humidity sensor,датчик влажности,candidate
hybrid electric vehicle,гибридный электромобиль,candidate
hydraulic accumulator,гидроаккумулятор,reviewed
hydraulic circuit,гидравлический контур,candidate
hydraulic control unit,гидравлический блок управления,candidate
hydraulic cylinder,гидроцилиндр,candidate
hydraulic filter,гидравлический фильтр,candidate
hydraulic fluid,гидравлическая жидкость,candidate
hydraulic lash adjuster,гидрокомпенсатор зазора клапана,reviewed
hydraulic motor,гидромотор,candidate
hydraulic press,гидравлический пресс,candidate
hydraulic pump,гидравлический насос,candidate
hydraulic reservoir,гидравлический бак,candidate
hydraulic system,гидравлическая система,candidate
identity and access management,управление идентификацией и доступом,candidate
idle speed inspection,проверка частоты вращения холостого хода,candidate
idler gear,промежуточная шестерня,candidate
idler pulley,обводной ролик,candidate
ignition switch,выключатель зажигания,candidate
immobilizer coil,катушка иммобилайзера,candidate
impact socket,ударная торцовая головка,candidate
impeller,насосное колесо гидротрансформатора,candidate
impermeable gloves,непроницаемые перчатки,candidate
implausible signal,недостоверный сигнал,candidate
in-vehicle temperature sensor,датчик температуры воздуха в салоне,candidate
indirect contact protection,защита от косвенного контакта,candidate
inflate the tire,накачать шину,candidate
initialize,инициализировать,candidate
injector leak-off line,сливной топливопровод форсунок,candidate
inner brake pad,внутренняя тормозная колодка,candidate
inner CV joint,внутренний ШРУС,candidate
inner liner,герметизирующий слой шины,candidate
inner panel,внутренняя панель,candidate
inner rocker panel,внутренняя панель порога,candidate
inner sliding rail,внутренняя направляющая салазок,candidate
inner sliding rail rear end trim cover,задняя декоративная крышка внутренней направляющей салазок,candidate
input output control by identifier,управление вводом-выводом по идентификатору,candidate
input shaft,первичный вал,candidate
input signal,входной сигнал,candidate
insert,вставить,candidate
inside door handle,внутренняя ручка двери,candidate
inside marking,маркировка внутренней стороны,candidate
inspect,проверить,reviewed
inspect pad thickness,проверить толщину тормозных колодок,candidate
inspect the hose for cracks,проверить шланг на наличие трещин,candidate
inspect the tread,проверить состояние протектора,candidate
Inspection,Проверка,approved
install,установить,candidate
install a new valve,установить новый вентиль,candidate
install and tighten the horn mounting bolt,установить и затянуть болт крепления звукового сигнала,candidate
install flush,установить заподлицо,candidate
install in the reverse order of removal,"установить в порядке, обратном снятию",reviewed
install squarely,установить без перекоса,candidate
install the floor harness fixing clips,установить фиксаторы жгута проводов пола,candidate
install the rivet,установить заклёпку,reviewed
install with the lip facing inward,установить рабочей кромкой внутрь,candidate
install with the spring side inward,установить стороной с пружиной внутрь,candidate
installation condition,состояние установки,candidate
installer,установочная оправка,candidate
instrument cluster,комбинация приборов,candidate
instrument panel,панель приборов,candidate
instrument panel garnish,декоративная накладка панели приборов,candidate
instrument panel mounting bracket assembly,кронштейн крепления панели приборов в сборе,candidate
instrument panel reinforcement,усилитель панели приборов,candidate
insulation resistance,сопротивление изоляции,candidate
intake air duct,воздуховод впускной системы,reviewed
intake air temperature sensor,датчик температуры впускного воздуха,candidate
intake manifold,впускной коллектор,candidate
intake valve,впускной клапан,candidate
intercooler,охладитель наддувочного воздуха,candidate
intercooler hose,шланг охладителя наддувочного воздуха,candidate
interior floor carpet,напольное ковровое покрытие салона,candidate
interior rearview mirror trim cover,декоративная крышка внутреннего зеркала заднего вида,candidate
interlock mechanism,механизм блокировки,candidate
intermediate steering shaft,промежуточный рулевой вал,candidate
intermittent fault,периодически возникающая неисправность,candidate
internal circuit engagement,замыкание внутренних цепей переключателя,candidate
internal leakage,внутренняя утечка,candidate
internal retaining ring,внутреннее стопорное кольцо,candidate
intrusion detection system,система обнаружения вторжений,candidate
intrusion detection system manager,менеджер системы обнаружения вторжений,candidate
isolation resistance,сопротивление изоляции,candidate
jack the vehicle,поднять автомобиль домкратом,candidate
joint boot,защитный чехол шарнира,candidate
junction connector,соединительный разъём,candidate
keep hands away from moving parts,не приближать руки к движущимся деталям,candidate
key management,управление ключами,candidate
keyless antenna fixing screw,винт крепления антенны системы бесключевого доступа,candidate
keyless vehicle antenna,антенна системы бесключевого доступа,candidate
kick panel,боковая панель пространства для ног,candidate
lane boundary,граница полосы движения,candidate
lane departure warning,предупреждение о выходе из полосы,candidate
lane keeping assistance,помощь в удержании полосы,candidate
lap,притереть,candidate
lap joint,соединение внахлёст,candidate
laser brazing,лазерная пайка,candidate
lateral runout,осевое биение,candidate
lay shaft,промежуточный вал,candidate
leak detection,поиск утечек,candidate
leak-down test,проверка герметичности цилиндра,candidate
learn,выполнить обучение,candidate
left and right removal methods are similar,порядок снятия с левой и правой сторон одинаков,candidate
left front seat assembly,левое переднее сиденье в сборе,candidate
left front seat left guard,левый боковой кожух левого переднего сиденья,candidate
left front seat right guard,правый боковой кожух левого переднего сиденья,candidate
left rear side member reinforcement rear connecting plate,задняя соединительная пластина усилителя левого заднего лонжерона,candidate
lever out,извлечь рычагом,candidate
licensed waste processor,лицензированная организация по обращению с отходами,candidate
lift,поднять,candidate
lift and support the vehicle,поднять и надёжно установить автомобиль на опоры,candidate
lift off,снять поднятием,candidate
lifting and jacking of vehicles,подъём автомобиля подъёмником и домкратом,candidate
limited-slip differential,дифференциал повышенного трения,candidate
LIN bus,шина LIN,candidate
line pressure,магистральное давление,candidate
lip seal,манжетное уплотнение,candidate
liquid gasket,жидкая прокладка,candidate
listen for the locking click,убедиться в наличии щелчка фиксатора,candidate
live data,текущие параметры,candidate
load index,индекс нагрузки,candidate
local interconnect network,локальная межкомпонентная сеть,candidate
locating pin,направляющий штифт,candidate
lock,зафиксировать,candidate
lock in position,зафиксировать в требуемом положении,candidate
lock washer,стопорная шайба,candidate
locking pliers,зажимные клещи,candidate
locking wheel nut,секретная колёсная гайка,candidate
locknut,контргайка,candidate
logical scenario,логический сценарий,candidate
long block,двигатель без навесного оборудования,candidate
loosen,ослабить,candidate
looseness or instability,ослабление крепления или неустойчивость,candidate
low oil pressure,низкое давление масла,candidate
low range,понижающий ряд,candidate
low-pressure fuel pump,топливный насос низкого давления,candidate
low-pressure line,магистраль низкого давления,candidate
low-strength threadlocker,фиксатор резьбы низкой прочности,candidate
lower,опустить,candidate
lower anchor,нижнее крепление ремня,candidate
lower control arm,нижний рычаг подвески,candidate
lower radiator hose,нижний шланг радиатора,candidate
lower the headliner,опустить обивку потолка,candidate
lower the vehicle to the ground,опустить автомобиль на землю,candidate
lower tie bar,нижняя поперечина рамки радиатора,candidate
lubricate,смазать,candidate
lubricate the sealing lip,смазать рабочую кромку манжеты,candidate
lubricate with clean engine oil,смазать чистым моторным маслом,candidate
lubricating grease,консистентная смазка,candidate
lubrication system,система смазки,candidate
luggage compartment cover plate,панель пола багажного отделения,candidate
luggage compartment lock catch mounting hole,отверстие крепления ответной части замка багажного отделения,candidate
luggage compartment side trim panel assembly,боковая облицовка багажного отделения в сборе,candidate
luggage compartment trim,облицовка багажного отделения,candidate
luggage compartment trim panel assembly,облицовка багажного отделения в сборе,candidate
luggage floor panel,панель пола багажного отделения,candidate
lumbar support,поясничная опора,reviewed
lumbar support adjustment button ring,декоративное кольцо кнопки регулировки поясничной поддержки,candidate
machine,обработать механически,candidate
machine screw,машинный винт,candidate
MAG welding,сварка MAG,candidate
main bearing,коренной подшипник,candidate
main bearing cap,крышка коренного подшипника,candidate
main bearing shell,вкладыш коренного подшипника,candidate
main journal,коренная шейка,candidate
main relay,главное реле,candidate
main shaft,главный вал,candidate
maintain engine speed,поддерживать заданную частоту вращения двигателя,candidate
make a plug weld,выполнить электрозаклёпочную сварку,reviewed
make plug welds,выполнить электрозаклёпочные сварные соединения,candidate
make resistance spot welds,выполнить контактную точечную сварку,candidate
make spot welds,выполнить точечную сварку,reviewed
make sure the ring is fully seated,убедиться что кольцо полностью вошло в канавку,candidate
manifold absolute pressure sensor,датчик абсолютного давления во впускном коллекторе,candidate
manual transmission,механическая коробка передач,candidate
manual valve,клапан ручного выбора диапазона,candidate
map lamp,лампа местного освещения,candidate
mark the installed position,пометить установленное положение,candidate
mass air flow sensor,датчик массового расхода воздуха,candidate
match the installation position,совместить установочное положение,candidate
matchmark,монтажная метка,candidate
mating surface,сопрягаемая поверхность,candidate
maximum airflow,максимальная подача воздуха,candidate
maximum inflation pressure,максимальное давление накачивания,candidate
maximum load,максимально допустимая нагрузка,reviewed
maximum working voltage,максимальное рабочее напряжение,candidate
measure,измерить,candidate
measure backlash,измерить боковой зазор,candidate
measure disc runout,измерить биение тормозного диска,candidate
measure the clearance,измерить зазор,candidate
measure the end play,измерить осевой зазор,candidate
measure the resistance,измерить сопротивление,candidate
measure the runout,измерить биение,candidate
measure the voltage,измерить напряжение,candidate
measure tread depth,измерить глубину рисунка протектора,candidate
mechanical fault,механическая неисправность,candidate
mechanical seal,торцевое уплотнение,candidate
mechanical seat switch,механический переключатель регулировки сиденья,candidate
mechatronic unit,мехатронный модуль,candidate
medium-strength threadlocker,фиксатор резьбы средней прочности,candidate
memory position,запомненное положение сиденья,candidate
metal gasket,металлическая прокладка,candidate
microcontroller abstraction layer,уровень абстракции микроконтроллера,candidate
micrometer,микрометр,candidate
middle channel lower front reinforcing plate,нижняя передняя усиливающая пластина центрального тоннеля,candidate
middle channel reinforcing beam assembly,усилитель центрального тоннеля в сборе,candidate
middle channel reinforcing beam bracket assembly,кронштейн усилителя центрального тоннеля в сборе,candidate
middle floor front connecting plate assembly,передняя соединительная панель средней части пола в сборе,candidate
MIG brazing,пайка MIG,candidate
MIG plug weld,электрозаклёпка MIG,candidate
MIG welding,сварка MIG,candidate
mineral oil,минеральное масло,candidate
minimal risk condition,состояние минимального риска,candidate
minimal risk manoeuvre,манёвр минимального риска,candidate
minimum disc thickness,минимально допустимая толщина тормозного диска,candidate
mobile electrical equipment,переносное электрооборудование,candidate
mode door,заслонка распределения потоков воздуха,candidate
mode door actuator,привод заслонки распределения потоков,candidate
module programming,программирование блока управления,candidate
monitor the motor position,контролировать положение электродвигателя,candidate
monitor the switch signal,контролировать сигнал переключателя,candidate
motor forward rotation,вращение электродвигателя в прямом направлении,candidate
motor position,положение электродвигателя,candidate
motor reverse rotation,вращение электродвигателя в обратном направлении,candidate
mount the tire,установить шину на обод,candidate
mounting head,монтажная головка шиномонтажного станка,candidate
mounting hole,монтажное отверстие,candidate
move aside,отвести в сторону,candidate
move the component to the installation position,установить деталь в монтажное положение,candidate
move the horn to the installation position,установить звуковой сигнал в монтажное положение,candidate
move the seat to the front,переместить сиденье вперёд,candidate
move the seat to the installation position,переместить сиденье в положение установки,candidate
move the seat to the rear,переместить сиденье назад,candidate
multi-plate clutch,многодисковая муфта,candidate
multimeter,мультиметр,candidate
multipurpose grease,универсальная консистентная смазка,candidate
needle roller bearing,игольчатый подшипник,candidate
needle-nose pliers,длинногубцы,candidate
negative response code,код отрицательного ответа,candidate
negative terminal,отрицательная клемма,candidate
network management,управление сетью,candidate
network topology,топология сети,candidate
nitrogen oxide,оксиды азота,candidate
nominal dimension,номинальный размер,candidate
normally closed contact,нормально замкнутый контакт,candidate
normally open contact,нормально разомкнутый контакт,candidate
Note,Примечание,approved
note the installation direction,запомнить направление установки,candidate
nut,гайка,candidate
O-ring,уплотнительное кольцо круглого сечения,candidate
OBD,OBD,approved
object and event detection and response,обнаружение объектов и событий и реагирование на них,candidate
object classification,классификация объектов,candidate
observe the installation direction,соблюдать направление установки,candidate
observe the orientation,соблюдать ориентацию при установке,candidate
obstruction,посторонний предмет,candidate
occupant detection sensor,датчик присутствия пассажира,candidate
odd gear clutch,сцепление нечётных передач,candidate
odometer,одометр,candidate
oil capacity,заправочный объём масла,candidate
oil consumption,расход масла,candidate
oil control ring,маслосъёмное кольцо,candidate
oil cooler,масляный радиатор,candidate
oil dilution,разжижение масла топливом,candidate
oil drain plug,пробка сливного отверстия,candidate
oil filler plug,пробка заливного отверстия,candidate
oil filter,масляный фильтр,candidate
oil filter housing,корпус масляного фильтра,candidate
oil foaming,вспенивание масла,candidate
oil gallery,масляный канал,candidate
oil grade,класс моторного масла,candidate
oil inlet pipe,маслоподводящая трубка,candidate
oil jet,масляная форсунка,candidate
oil leak,утечка масла,candidate
oil leak check,проверка на утечки моторного масла,candidate
oil level,уровень масла,candidate
oil level plug,пробка контрольного отверстия уровня масла,candidate
oil pan,масляный поддон,deprecated
oil passage,канал подачи масла,candidate
oil pickup tube,маслоприёмная трубка,reviewed
oil pressure,давление масла,candidate
oil pressure relief valve,редукционный клапан давления масла,candidate
oil pressure sensor,датчик давления масла,candidate
oil pressure switch,датчик-сигнализатор давления масла,reviewed
oil pump,масляный насос,candidate
oil pump drive,привод масляного насоса,candidate
oil return pipe,маслоотводящая трубка,candidate
oil seal,манжетное уплотнение,reviewed
oil seepage,просачивание масла,candidate
oil separator,маслоотделитель,candidate
oil specification,спецификация моторного масла,candidate
oil starvation,масляное голодание,candidate
oil strainer,сетчатый фильтр маслоприёмника,reviewed
oil temperature,температура масла,candidate
oil viscosity,вязкость масла,candidate
on-board charger,бортовое зарядное устройство,candidate
on-board diagnostics,бортовая диагностика,candidate
open circuit,обрыв цепи,candidate
open flame,открытое пламя,candidate
open space,открытое пространство,candidate
open the engine compartment cover,открыть капот,candidate
open-circuit voltage,напряжение холостого хода,candidate
open-end wrench,рожковый ключ,candidate
operate the system,привести систему в действие,candidate
operating pressure,рабочее давление,candidate
operational design domain,область проектных условий эксплуатации,candidate
orifice tube,дроссельная трубка,candidate
outboard seat adjustment switch,наружный переключатель регулировки сиденья,candidate
outer brake pad,наружная тормозная колодка,candidate
outer CV joint,наружный ШРУС,candidate
outer panel,наружная панель,candidate
outer rocker panel,наружная панель порога,candidate
output shaft,вторичный вал,candidate
output signal,выходной сигнал,candidate
outside marking,маркировка наружной стороны,candidate
over-the-air update,обновление по беспроводному каналу,candidate
overflow tank,переливной бачок,candidate
overhead console,потолочная консоль,candidate
overhead console unit,потолочная консоль в сборе,candidate
overheating,перегрев,candidate
overinflation,повышенное давление в шине,candidate
overlap joint,нахлёсточное соединение,candidate
overload damage,повреждение вследствие перегрузки,candidate
overrunning clutch,обгонная муфта,candidate
oxygen sensor,датчик кислорода,candidate
panel bonding adhesive,клей для соединения кузовных панелей,candidate
panel clamp,зажим для кузовных панелей,candidate
parameter coding,кодирование параметров,candidate
parasitic current draw,ток утечки при выключенном зажигании,candidate
parcel shelf,полка багажного отделения,candidate
park the vehicle on level ground,установить автомобиль на ровной горизонтальной площадке,candidate
parking brake actuator,исполнительный механизм стояночного тормоза,candidate
parking brake cable,трос стояночного тормоза,candidate
parking brake cable mounting plate assembly,панель крепления троса стояночного тормоза в сборе,candidate
parking brake lever,рычаг стояночного тормоза,candidate
parking manoeuvre,парковочный манёвр,candidate
partial networking,частичный сетевой режим,candidate
passenger seat,сиденье переднего пассажира,candidate
passenger seat assembly procedure,сборка сиденья переднего пассажира,candidate
passenger seat disassembly,разборка сиденья переднего пассажира,candidate
passenger seat module,модуль сиденья переднего пассажира,candidate
peen,расклепать,candidate
penetrating oil,проникающая смазка,candidate
perception stack,стек восприятия окружающей обстановки,candidate
perform a road test,выполнить дорожное испытание,candidate
perform adjustment if necessary,при необходимости выполнить регулировку,candidate
perform in reverse order,выполнить в обратной последовательности,candidate
perform module initialization,выполнить инициализацию блока управления,candidate
permanent fault,постоянная неисправность,candidate
persistency,постоянное хранение данных,candidate
phasing marks,метки взаимного положения,candidate
Phillips screwdriver,крестовая отвёртка,candidate
pilot bearing,направляющий подшипник первичного вала,candidate
pilot line,линия управления,candidate
pin punch,выколотка,candidate
pinion gear,ведущая шестерня стартера,candidate
pinion shaft,ось сателлитов,candidate
piston,поршень,candidate
piston cooling jet,масляная форсунка охлаждения поршня,candidate
piston crown,днище поршня,candidate
piston dust boot,пылезащитный чехол поршня,candidate
piston pin,поршневой палец,candidate
piston protrusion,выступание поршня,candidate
piston pump,поршневой насос,candidate
piston ring,поршневое кольцо,candidate
piston ring compressor,оправка для сжатия поршневых колец,candidate
piston ring end gap,зазор в замке поршневого кольца,candidate
piston seal,уплотнение поршня,candidate
piston skirt,юбка поршня,candidate
pitch circle diameter,диаметр расположения крепёжных отверстий,candidate
plain bearing,подшипник скольжения,candidate
planet carrier,водило,candidate
planet gear,сателлит,candidate
planetary gear set,планетарный ряд,candidate
planetary ring gear,коронная шестерня планетарного ряда,reviewed
plastic hammer,пластиковый молоток,candidate
platform health management,управление состоянием платформы,candidate
plenum chamber,короб воздухопритока,candidate
pliers,пассатижи,candidate
plug the openings,заглушить отверстия,candidate
plug weld,электрозаклёпочное сварное соединение,deprecated
plug-in hybrid electric vehicle,подключаемый гибридный электромобиль,candidate
ply,слой корда,candidate
pneumatic actuator,пневматический привод,candidate
pneumatic circuit,пневматический контур,candidate
pneumatic control valve,пневматический управляющий клапан,candidate
pneumatic system,пневматическая система,candidate
polish,полировать,candidate
polish the repair area,зачистить ремонтируемый участок,candidate
polish the welding surface to bare metal,зачистить сварочную поверхность до чистого металла,candidate
position,установить в требуемое положение,reviewed
position the replacement panel,установить ремонтную панель,candidate
positive crankcase ventilation valve,клапан принудительной вентиляции картера,reviewed
positive terminal,положительная клемма,candidate
post-encroachment time,время после пересечения конфликтной точки,candidate
power circuit,цепь питания,candidate
power seat switch and control panel,панель переключателей управления электроприводом сиденья,candidate
power seat switch panel,панель переключателей электрорегулировки сиденья,candidate
power steering fluid,рабочая жидкость усилителя рулевого управления,candidate
power steering pump,насос гидроусилителя рулевого управления,candidate
power steering reservoir,бачок рабочей жидкости усилителя рулевого управления,candidate
power supply circuit,цепь питания,candidate
powertrain control module,блок управления силовым агрегатом,candidate
preliminary positioning,предварительное позиционирование,candidate
preset position,предустановленное положение,candidate
press,запрессовать,candidate
press in,запрессовать,candidate
press out,выпрессовать,candidate
press tool,приспособление для запрессовки,candidate
press-fit,посадка с натягом,candidate
pressure build-up time,время нарастания давления,candidate
pressure cap,герметичная крышка системы охлаждения,candidate
pressure control solenoid,электромагнитный клапан регулирования давления,candidate
pressure drop,падение давления,candidate
pressure gauge,манометр,candidate
pressure line,напорная магистраль,candidate
pressure pulsation,пульсация давления,candidate
pressure reducing valve,редукционный клапан,candidate
pressure regulator,регулятор давления,candidate
pressure relief valve,предохранительный клапан,candidate
pressure sensor,датчик давления,candidate
pressure switch,реле давления,candidate
pressure test,проверка давлением,candidate
pressure tester,прибор для проверки давления,candidate
pressurize,создать давление,candidate
prevent fin damage,не допускать повреждения пластин,candidate
prevent hands from being crushed,не допускать защемления рук,candidate
primary pulley,ведущий шкив вариатора,candidate
prime,предварительно заполнить рабочей жидкостью,reviewed
prime the oil pump,заполнить масляный насос перед запуском,candidate
primer,грунт,candidate
program,запрограммировать,candidate
propeller shaft,карданный вал,candidate
proportional valve,пропорциональный клапан,candidate
protect from contamination,защитить от загрязнения,candidate
protect the sealing lip,защитить рабочую кромку манжеты,candidate
protective clothing,защитная одежда,candidate
protective cream,защитный крем,candidate
protocol data unit,протокольный блок данных,candidate
pry,поддеть,candidate
pry off,снять поддеванием,candidate
pry off the guide sleeve,поддеть и снять направляющую втулку,candidate
publish-subscribe,модель публикации и подписки,candidate
pull,потянуть,candidate
pull out,вытянуть,candidate
pulley ratio,передаточное отношение шкивов,candidate
pulling direction,направление вытяжки,candidate
pulling force,усилие вытяжки,candidate
pulse-width modulation,широтно-импульсная модуляция,candidate
puncture,прокол,candidate
purge control valve,клапан продувки адсорбера,candidate
push,нажать,candidate
push belt,толкающий ремень вариатора,candidate
push in,вставить нажатием,candidate
push pin,пистон,candidate
push-type retainer,нажимной фиксатор,candidate
quarter inner panel,внутренняя панель заднего крыла,candidate
quick-release coupling,быстроразъёмная муфта,candidate
rack housing,картер рулевого механизма,candidate
radial runout,радиальное биение,candidate
radial shaft seal,радиальное манжетное уплотнение вала,candidate
radial tire,радиальная шина,candidate
radiator,радиатор,candidate
radiator cap,крышка радиатора,candidate
radiator core,сердцевина радиатора,candidate
radiator fan,вентилятор радиатора,candidate
radiator frame,рамка радиатора,candidate
radiator inlet hose,впускной шланг радиатора,candidate
radiator outlet hose,выпускной шланг радиатора,candidate
radiator support,панель рамки радиатора,candidate
radiator tank,бачок радиатора,candidate
radio frequency antenna,радиочастотная антенна,candidate
radio frequency antenna connector,разъём радиочастотной антенны,candidate
radio frequency antenna replacement,замена радиочастотной антенны,candidate
rail pressure sensor,датчик давления в топливной рампе,candidate
raise,поднять,candidate
ratchet handle,трещоточная рукоятка,candidate
rated voltage,номинальное напряжение,candidate
read data by identifier,чтение данных по идентификатору,candidate
read DTC information,чтение информации о кодах неисправностей,candidate
ream,развернуть отверстие,candidate
rear axle beam,балка задней подвески,candidate
rear bumper harness,жгут проводов заднего бампера,candidate
rear bumper lower body,нижняя часть заднего бампера,candidate
rear bumper lower panel,нижняя панель заднего бампера,candidate
rear climate control,задняя климатическая установка,candidate
rear combination lamp mounting hole,отверстие крепления заднего комбинированного фонаря,candidate
rear crankshaft oil seal,задний сальник коленчатого вала,candidate
rear crankshaft seal,задний сальник коленчатого вала,candidate
rear crossmember,задняя поперечина,candidate
rear defogger switch,выключатель обогрева заднего стекла,candidate
rear door inner panel,внутренняя панель задней двери,candidate
rear door outer panel,наружная панель задней двери,candidate
rear door sill trim panel,облицовка порога задней двери,candidate
rear floor panel,задняя панель пола,candidate
rear floor rear connecting plate,задняя соединительная панель задней части пола,candidate
rear floor right rear connecting plate,правая задняя соединительная панель задней части пола,candidate
rear keyless vehicle antenna,задняя антенна системы бесключевого доступа,candidate
rear overhead console,задняя потолочная консоль,candidate
rear panel,задняя панель кузова,candidate
rear quarter panel,заднее крыло,candidate
rear quarter window glass,стекло задней боковины,candidate
rear seat,заднее сиденье,candidate
rear seat backrest assembly,спинка заднего сиденья в сборе,candidate
rear seat belt retractor bracket supporting plate,опорная пластина кронштейна втягивающего устройства заднего ремня безопасности,candidate
rear seat cushion,подушка заднего сиденья,candidate
rear seat left backrest assembly,левая спинка заднего сиденья в сборе,candidate
rear seat right backrest assembly,правая спинка заднего сиденья в сборе,candidate
rear section of the seat sliding rail,задняя часть салазок сиденья,candidate
rear side member,задний лонжерон,candidate
rear track width,колея задних колёс,candidate
rear wall panel assembly,панель задней стенки кузова в сборе,candidate
rear wheel arch trim panel,накладка задней колёсной арки,candidate
rear wheel brow trim panel,облицовка арки заднего колеса,candidate
rear wheelhouse,задняя колёсная ниша,candidate
rear windscreen harness,жгут проводов заднего стекла,candidate
rear windscreen heated defrost control,управление электрообогревом заднего стекла,candidate
rear windscreen heater,нагревательный элемент заднего стекла,candidate
rearview mirror glass,стекло наружного зеркала заднего вида,candidate
rearview mirror heating element,нагревательный элемент наружного зеркала заднего вида,candidate
receiver drier,ресивер-осушитель,candidate
rechargeable energy storage system,перезаряжаемая система накопления энергии,candidate
recheck the wheel nut torque,повторно проверить момент затяжки колёсных гаек,candidate
recirculation actuator,привод заслонки рециркуляции,candidate
recirculation door,заслонка рециркуляции,candidate
recommended tire pressure,рекомендуемое давление в шинах,candidate
record a DTC,записать диагностический код неисправности,candidate
recover refrigerant,откачать хладагент,candidate
recover the refrigerant,откачать хладагент,candidate
rectifier,выпрямитель,candidate
reference hole,контрольное отверстие,candidate
reference voltage,опорное напряжение,candidate
refill,заправить повторно,reviewed
refinish the repaired area,восстановить лакокрасочное покрытие отремонтированного участка,candidate
refrigerant,хладагент,candidate
refrigerant accumulator,аккумулятор хладагента,reviewed
refrigerant charge,заправочная масса хладагента,candidate
refrigerant line,трубопровод хладагента,candidate
refrigerant pressure sensor,датчик давления хладагента,candidate
refrigerant recovery,откачка хладагента,candidate
regenerative braking,рекуперативное торможение,candidate
reinforcement panel,усилительная панель,candidate
relay box,блок реле,candidate
release,освободить,candidate
release residual pressure,сбросить остаточное давление,candidate
release the retaining tabs,освободить фиксирующие язычки,candidate
reload SMD,повторно загрузить программное обеспечение модуля сиденья,candidate
reload the seat module software,повторно загрузить программное обеспечение модуля сиденья,candidate
remote assistance,дистанционная помощь,candidate
remote driving,дистанционное управление автомобилем,candidate
remote procedure call,удалённый вызов процедур,candidate
Removal and installation,Снятие и установка,approved
remove,снять,candidate
remove all gasket material,полностью удалить остатки прокладки,candidate
remove all traces,полностью удалить остатки,candidate
remove and install,снять и установить,candidate
remove burrs,удалить заусенцы,candidate
remove corrosion,удалить коррозию,candidate
remove dirt,удалить загрязнения,candidate
remove old sealant,удалить старый герметик,candidate
remove paint rust and adhesive residues,удалить остатки краски ржавчины и клея,candidate
remove the damaged panel,снять повреждённую панель,candidate
remove the horn,снять звуковой сигнал,candidate
remove the seat cushion foam with cover,снять подушку сиденья с обивкой в сборе,candidate
remove the spot welds,удалить сварные точки,candidate
remove the trim panel,снять панель облицовки,candidate
remove the valve core,вывернуть золотник вентиля,candidate
remove welding marks,удалить следы сварки,candidate
repair the wire harness,отремонтировать жгут проводов,candidate
replace,заменить,candidate
replace after removal,заменить после снятия,candidate
replace damaged clips,заменить повреждённые клипсы,candidate
replace if necessary,при необходимости заменить,candidate
replace the connector terminal,заменить контакт разъёма,candidate
replace the O-ring,заменить уплотнительное кольцо,candidate
replace the oil filter,заменить масляный фильтр,candidate
replace the oil seal,заменить сальник,candidate
replace the sealing washer,заменить уплотнительную шайбу,candidate
replace the tire,заменить шину,candidate
Replacement,Замена,approved
reposition,изменить положение,candidate
request download,запрос загрузки данных в блок,candidate
request medical assistance,вызвать медицинскую помощь,candidate
request upload,запрос выгрузки данных из блока,candidate
reset,сбросить,candidate
residual pressure,остаточное давление,candidate
resistance spot welding,контактная точечная сварка,candidate
respiratory protection,средства защиты органов дыхания,candidate
restore corrosion protection,восстановить антикоррозионную защиту,candidate
restore the underbody coating,восстановить покрытие днища,candidate
restore the vehicle,привести автомобиль в исходное состояние,candidate
resurface,восстановить рабочую поверхность,candidate
retaining clip,фиксирующий зажим,candidate
retaining ring,стопорное кольцо,candidate
retaining ring groove,канавка под стопорное кольцо,candidate
retaining tab,фиксирующий язычок,candidate
retighten,повторно затянуть,candidate
return line,сливная магистраль,candidate
return spring,стяжная пружина тормозных колодок,candidate
reuse,использовать повторно,candidate
reverse brake,тормоз заднего хода,candidate
reverse idler gear,промежуточная шестерня заднего хода,candidate
rewire the bus lead,повторно припаять токоведущий вывод,candidate
ride height,высота положения кузова,candidate
right front seat assembly,правое переднее сиденье в сборе,candidate
right front seat left guard,левый боковой кожух правого переднего сиденья,candidate
right front seat right guard,правый боковой кожух правого переднего сиденья,candidate
rigid pipe,жёсткая трубка,candidate
rim diameter,посадочный диаметр обода,candidate
rim protector,защитная накладка обода,candidate
rim width,ширина обода,candidate
ring gear,зубчатый венец,deprecated
ring groove,канавка поршневого кольца,candidate
rinse with water,промыть водой,candidate
risk mitigation function,функция снижения риска,candidate
rivet,заклёпка,deprecated
rivnut,заклёпочная гайка,candidate
road marking,дорожная разметка,candidate
road test,выполнить дорожное испытание,candidate
road user,участник дорожного движения,candidate
road wheel,дисковое колесо,candidate
rocker arm,коромысло клапана,candidate
rocker panel,панель порога,candidate
rod seal,уплотнение штока,candidate
roller bearing,роликовый подшипник,candidate
rolling bearing,подшипник качения,candidate
roof bow,поперечина крыши,candidate
roof harness,жгут проводов крыши,candidate
roof harness connector,разъём жгута проводов крыши,candidate
roof interior trim panel,обивка потолка,candidate
roof panel,панель крыши,candidate
roof reinforcement,усилитель крыши,candidate
roof side rail,боковая продольная балка крыши,candidate
room lamp,плафон освещения салона,candidate
rosin flux,канифольный флюс,candidate
rotate,повернуть,reviewed
rotation arrow,стрелка направления вращения,candidate
rotation pattern,схема перестановки колёс,candidate
rotor winding,обмотка ротора,candidate
route,маршрут,candidate
routine control,управление процедурой,candidate
rubber mallet,резиновая киянка,candidate
run-flat tire,шина с возможностью движения при потере давления,candidate
runout,радиальное биение,candidate
runtime environment,среда выполнения,candidate
safe state,безопасное состояние,candidate
safety goal,цель безопасности,candidate
Safety precautions,Меры безопасности,approved
sand,обработать шлифовальной бумагой,reviewed
sandblasting equipment,пескоструйное оборудование,candidate
scan tool,диагностический прибор,candidate
scenario,сценарий движения,candidate
scenario-based testing,испытания на основе сценариев,candidate
screw,винт,candidate
screw in,ввернуть,candidate
screwdriver,отвёртка,candidate
scuff plate,накладка порога,candidate
seal,герметизировать,candidate
seal driver,оправка для установки манжеты,candidate
seal groove,канавка под уплотнение,candidate
seal puller,съёмник манжетных уплотнений,reviewed
sealant,герметик,candidate
sealant bead,валик герметика,candidate
sealing lip,рабочая кромка манжеты,candidate
sealing surface,уплотняемая поверхность,candidate
seam sealer,шовный герметик,candidate
seam weld,шовное сварное соединение,candidate
seat adjuster,механизм регулировки сиденья,candidate
seat adjustment button ring,декоративное кольцо кнопки регулировки сиденья,candidate
seat adjustment switch signal,сигнал переключателя регулировки сиденья,candidate
seat adjustment system,система регулировки сиденья,candidate
seat adjustment system principle,принцип работы системы регулировки сиденья,candidate
seat assembly,сиденье в сборе,candidate
seat back cover,крышка спинки сиденья,candidate
seat back foam with cover,набивка спинки сиденья с обивкой в сборе,candidate
seat backrest,спинка сиденья,candidate
seat backrest frame,каркас спинки сиденья,candidate
seat belt,ремень безопасности,candidate
seat belt anchor,крепление ремня безопасности,candidate
seat belt buckle,замок ремня безопасности,candidate
seat belt buckle sensor,датчик замка ремня безопасности,candidate
seat belt pretensioner,преднатяжитель ремня безопасности,candidate
seat belt retractor,втягивающее устройство ремня безопасности,candidate
seat cushion,подушка сиденья,candidate
seat cushion foam with cover,подушка сиденья с обивкой в сборе,candidate
seat cushion frame,каркас подушки сиденья,candidate
seat fixing bolt,болт крепления сиденья,candidate
seat harness,жгут проводов сиденья,candidate
seat harness connector,разъём жгута проводов сиденья,candidate
seat harness fixing clip,фиксатор жгута проводов сиденья,candidate
seat heater,обогреватель сиденья,candidate
seat heating,обогрев сиденья,candidate
seat heating control module,модуль управления обогревом сиденья,candidate
seat heating request signal,сигнал запроса обогрева сиденья,candidate
seat heating temperature,температура обогрева сиденья,candidate
seat heating wire,нагревательный элемент сиденья,candidate
seat height adjuster,механизм регулировки высоты сиденья,candidate
seat height motor,электродвигатель регулировки высоты сиденья,candidate
seat height motor bracket,кронштейн электродвигателя регулировки высоты сиденья,candidate
seat height motor connector,разъём электродвигателя регулировки высоты сиденья,candidate
seat leg guard,защитный кожух основания сиденья,candidate
seat leg support,опора ног сиденья,candidate
seat leg support foam block,пенополиуретановый вкладыш опоры ног,candidate
seat lifting mechanism,механизм подъёма сиденья,candidate
seat lifting motor bracket,кронштейн электродвигателя подъёма сиденья,candidate
seat memory adjustment,регулировка положения сиденья по памяти,candidate
seat memory function,функция памяти положения сиденья,candidate
seat memory position signal,сигнал запоминаемого положения сиденья,candidate
seat module fixing screw,винт крепления модуля сиденья,candidate
seat module software,программное обеспечение модуля сиденья,candidate
seat motor,электродвигатель регулировки сиденья,candidate
seat position sensor,датчик положения сиденья,candidate
seat recliner,механизм регулировки наклона спинки,candidate
seat side guard,боковой защитный кожух сиденья,candidate
seat the bead,посадить борт шины на обод,candidate
seat track,салазки сиденья,candidate
seat ventilation,вентиляция сиденья,candidate
seat ventilation fan,вентилятор вентиляции сиденья,candidate
seatback,спинка сиденья,candidate
seatback frame,каркас спинки сиденья,candidate
secondary lock,вторичный фиксатор разъёма,candidate
secondary pulley,ведомый шкив вариатора,candidate
section width,ширина профиля шины,candidate
sectioning,частичная замена панели,candidate
sectioning joint,стык при частичной замене,candidate
secure,закрепить,candidate
secure boot,безопасная загрузка,candidate
secure onboard communication,защищённая бортовая связь,candidate
security access,доступ с проверкой безопасности,candidate
seek medical attention,обратиться за медицинской помощью,candidate
selective catalytic reduction system,система селективной каталитической нейтрализации,reviewed
selector lever,селектор передач,candidate
selector shaft,вал выбора передач,candidate
self-locking nut,самоконтрящаяся гайка,candidate
self-piercing rivet,самопроникающая заклёпка,candidate
self-tapping screw,самонарезающий винт,candidate
sensor,датчик,candidate
sensor fusion,комплексирование данных датчиков,candidate
sensor ID,идентификатор датчика,candidate
sensor valve,вентиль с датчиком давления,candidate
separate the panel,отделить панель,candidate
separate the panel from the body,отделить панель от кузова,candidate
Service data,Сервисные данные,approved
service disconnect,сервисный разъединитель,candidate
service discovery,обнаружение сервисов,candidate
Service information,Сервисная информация,reviewed
service port,сервисный штуцер,candidate
service-oriented architecture,сервис-ориентированная архитектура,candidate
service-oriented middleware over IP,сервис-ориентированное промежуточное ПО поверх IP,candidate
set,установить,candidate
set screw,установочный винт,candidate
shaft end play,осевой зазор вала,candidate
shaft seal,манжетное уплотнение вала,reviewed
sharp edge,острая кромка,candidate
shielded cable,экранированный кабель,candidate
shift actuator,исполнительный механизм переключения передач,candidate
shift fork,вилка переключения передач,candidate
shift lever,рычаг переключения передач,candidate
shift rail,шток переключения передач,candidate
shift rod,тяга переключения передач,candidate
shift solenoid,электромагнитный клапан переключения передач,candidate
shim,регулировочная шайба,candidate
shock absorber,амортизатор,candidate
short block,блок цилиндров в сборе с кривошипно-шатунным механизмом,candidate
short to ground,короткое замыкание на массу,candidate
short to power,короткое замыкание на питание,candidate
shoulder bolt,болт с буртиком,candidate
shoulder wear,износ плечевых зон,candidate
shut-off valve,запорный клапан,candidate
side cutters,бокорезы,candidate
side vent,боковой дефлектор,candidate
sidewall bulge,вздутие боковины,candidate
sidewall damage,повреждение боковины,candidate
signal circuit,сигнальная цепь,candidate
signal path,путь сигнала,candidate
signal subscription,подписка на сигнал,candidate
signal update,обновление сигнала,candidate
signal-to-service translation,преобразование сигналов в сервисы,candidate
silicone grease,силиконовая смазка,candidate
silicone sealant,силиконовый герметик,candidate
single-acting cylinder,гидроцилиндр одностороннего действия,candidate
six-way adjustment,шестипозиционная регулировка,candidate
skin allergy,аллергическая реакция кожи,candidate
skin irritation,раздражение кожи,candidate
sleep mode,режим сна,candidate
sleeve,втулка,candidate
slide,сдвинуть,candidate
slide hammer,обратный молоток,candidate
sliding rail end trim cover,декоративная крышка конца салазки,candidate
slip ring,контактное кольцо,candidate
slip yoke,скользящая вилка,candidate
slow leak,медленная утечка воздуха,candidate
snap ring,стопорное кольцо,reviewed
snap ring pliers,съёмник стопорных колец,candidate
socket,торцовая головка,candidate
socket wrench,торцовый ключ,candidate
soft jaws,мягкие губки тисков,candidate
software calibration,калибровка программного обеспечения,candidate
software identification number,идентификационный номер программного обеспечения,candidate
software update management system,система управления обновлениями программного обеспечения,candidate
solder,припой,deprecated
solder the lead,припаять вывод,reviewed
soldering iron,паяльник,candidate
solenoid valve,электромагнитный клапан,candidate
solid rivet,цельная заклёпка,candidate
sound a warning,подать звуковой сигнал,candidate
sound deadener,шумопоглощающий материал,candidate
sound insulation pad,шумоизоляционная накладка,candidate
sound pressure level,уровень звукового давления,candidate
sound-producing device,звуковое сигнальное устройство,candidate
spacer,проставка,candidate
spare tire,запасная шина,candidate
spare wheel well,ниша запасного колеса,candidate
speaker grille,решётка динамика,candidate
special service tool,специальный сервисный инструмент,candidate
Special tools,Специальный инструмент,approved
speed rating,индекс скорости,candidate
spline,шлицевое соединение,candidate
splined shaft,шлицевой вал,candidate
split pin,шплинт,candidate
spool valve,золотниковый клапан,candidate
spot weld,точечное сварное соединение,deprecated
spot weld cutter,фреза для высверливания сварных точек,candidate
sprayable seam sealer,распыляемый шовный герметик,candidate
spring clip,пружинный зажим,candidate
spring compressor,стяжка пружины,candidate
spring pin,пружинный штифт,candidate
spring seat,опора пружины,candidate
spring washer,пружинная шайба,candidate
stabilizer bar,стабилизатор поперечной устойчивости,candidate
stabilizer bushing,втулка стабилизатора,candidate
stabilizer link,стойка стабилизатора,candidate
stake,закернить,candidate
stake the nut,закернить гайку,candidate
standard mark,контрольная метка,candidate
start button,кнопка запуска двигателя,candidate
start the engine,запустить двигатель,candidate
starter drive,привод стартера,candidate
starter motor,стартер,candidate
starter relay,реле стартера,candidate
starter solenoid,тяговое реле стартера,candidate
state management,управление состояниями,candidate
state of charge,степень заряженности,candidate
state of energy,степень энергетического состояния,candidate
state of health,степень технического состояния батареи,candidate
static imbalance,статический дисбаланс,candidate
stator,реактор гидротрансформатора,candidate
stator winding,обмотка статора,candidate
steel belt,стальной ремень вариатора,candidate
steel plate,стальной диск,candidate
steel wheel,стальное колесо,candidate
steering angle sensor,датчик угла поворота рулевого колеса,candidate
steering column,рулевая колонка,candidate
steering column cover,кожух рулевой колонки,candidate
steering effort,усилие на рулевом колесе,candidate
steering gear,рулевой механизм,candidate
steering knuckle,поворотный кулак,candidate
steering motor,электродвигатель усилителя рулевого управления,candidate
steering rack,рулевой механизм реечного типа,reviewed
steering rack boot,защитный чехол рулевой рейки,candidate
steering shaft,рулевой вал,candidate
steering torque sensor,датчик крутящего момента рулевого управления,candidate
steering wheel,рулевое колесо,candidate
steering wheel angle,угол поворота рулевого колеса,candidate
steering wheel free play,свободный ход рулевого колеса,candidate
steering wheel horn button,кнопка звукового сигнала на рулевом колесе,candidate
stitch weld,прерывистый сварной шов,candidate
stone-chip coating,антигравийное покрытие,candidate
stop the engine,остановить двигатель,candidate
straightedge,поверочная линейка,candidate
straighten,выправить,candidate
straighten the mating flange,выправить сопрягаемый фланец,candidate
strike,нанести удар,candidate
structural adhesive,конструкционный клей,candidate
strut bearing,опорный подшипник амортизаторной стойки,candidate
strut mount,верхняя опора амортизаторной стойки,candidate
strut mounting hole,отверстие крепления газонаполненного упора,candidate
stud,шпилька,candidate
stud distribution,расположение приварных шпилек,candidate
subframe,подрамник,candidate
suction line,всасывающая магистраль,candidate
suitable fire extinguisher,подходящий огнетушитель,candidate
summer tire,летняя шина,candidate
sun gear,солнечная шестерня,candidate
sun visor,солнцезащитный козырёк,candidate
sunload sensor,датчик солнечной радиации,candidate
supply equipment communication controller,контроллер связи зарядного оборудования,candidate
supply power to the horn,подать питание на звуковой сигнал,candidate
supply power to the windscreen heater,подать питание на обогреватель стекла,candidate
support,подпереть,reviewed
suspension strut,амортизаторная стойка,candidate
suspension travel,ход подвески,candidate
switch position,положение переключателя,candidate
synchronizer,синхронизатор,candidate
synchronizer hub,ступица синхронизатора,candidate
synchronizer ring,блокирующее кольцо синхронизатора,candidate
synchronizer sleeve,муфта синхронизатора,candidate
system evacuation,вакуумирование системы,candidate
system pressure,давление в системе,candidate
tail keyless vehicle antenna,задняя антенна системы бесключевого доступа,candidate
tailgate inner panel,внутренняя панель двери багажного отделения,candidate
tailgate outer panel,наружная панель двери багажного отделения,candidate
tailgate upper interior trim panel assembly,верхняя облицовка двери багажного отделения в сборе,candidate
take-over request,запрос на принятие управления,candidate
tap lightly,слегка постучать,candidate
tap the thread,нарезать внутреннюю резьбу,candidate
tapered roller bearing,конический роликовый подшипник,candidate
tappet,толкатель клапана,candidate
TDC,ВМТ,approved
tear,разрыв,candidate
temperature monitoring,контроль температуры,candidate
temporarily install the new component,временно установить новую деталь,candidate
terminal lock,фиксатор контакта,candidate
termination resistor,согласующий резистор,candidate
test case,тестовый случай,candidate
test light,контрольная лампа,candidate
test voltage,испытательное напряжение,candidate
tester present,поддержание диагностического сеанса,candidate
thermal cutting,термическая резка,candidate
thermal runaway,тепловой разгон,candidate
thermostat,термостат,candidate
thermostat housing,корпус термостата,candidate
thermostat opening and closing,открытие и закрытие термостата,candidate
thermostat valve,клапан термостата,candidate
thigh support,поддержка бёдер,candidate
thread engagement,длина зацепления резьбы,candidate
thread pitch,шаг резьбы,candidate
thread sealant,резьбовой герметик,candidate
threaded insert,резьбовая вставка,candidate
threadlocker,фиксатор резьбы,candidate
threat analysis and risk assessment,анализ угроз и оценка рисков,candidate
three-jaw puller,трёхзахватный съёмник,candidate
throttle body,дроссельный узел,candidate
throttle position sensor,датчик положения дроссельной заслонки,candidate
throttle valve,дроссельная заслонка,candidate
thrust bearing,упорный подшипник,candidate
thrust washer,упорная шайба,candidate
tie rod,рулевая тяга,candidate
tie rod end,наконечник рулевой тяги,candidate
TIG welding,сварка TIG,candidate
tighten,затянуть,candidate
tighten by hand,затянуть от руки,candidate
tighten diagonally,затянуть крест-накрест,candidate
tighten evenly,затянуть равномерно,candidate
tighten in sequence,затянуть в установленной последовательности,candidate
tighten the wheel nuts in a crisscross pattern,затянуть колёсные гайки крест-накрест,candidate
tighten to the specified torque,затянуть установленным моментом,candidate
tightening torque,момент затяжки,approved
time headway,временной интервал следования,candidate
time synchronization,синхронизация времени,candidate
time to collision,время до столкновения,candidate
time-sensitive networking,сеть с поддержкой детерминированной передачи по времени,candidate
timing belt,ремень привода газораспределительного механизма,candidate
timing belt tensioner,натяжитель ремня привода ГРМ,candidate
timing chain,цепь привода газораспределительного механизма,candidate
timing chain guide,направляющая цепи привода ГРМ,candidate
timing chain tensioner,натяжитель цепи привода ГРМ,candidate
timing cover,крышка привода газораспределительного механизма,candidate
timing mark,установочная метка фаз газораспределения,candidate
timing sprocket,звёздочка привода ГРМ,candidate
tire,шина,candidate
tire aging,старение шины,candidate
tire bead,борт шины,candidate
tire changer,шиномонтажный станок,candidate
tire date code,код даты изготовления шины,candidate
tire inflation pressure,давление воздуха в шине,candidate
tire lever,монтажная лопатка,candidate
tire pressure monitoring system,система контроля давления в шинах,candidate
tire pressure sensor,датчик давления в шине,candidate
tire rotation,перестановка колёс,candidate
tire shoulder,плечевая зона шины,candidate
tire sidewall,боковина шины,candidate
tire size,размер шины,candidate
tire tread,протектор шины,candidate
tire valve stem,вентиль шины,reviewed
toe angle,угол схождения колёс,candidate
top up,долить до требуемого уровня,candidate
torque,затянуть заданным моментом,candidate
torque converter,гидротрансформатор,candidate
torque converter housing,корпус гидротрансформатора,candidate
torque converter lock-up clutch,блокировочная муфта гидротрансформатора,candidate
torque in sequence,затянуть в указанной последовательности,candidate
torque to specification,затянуть установленным моментом,candidate
torque wrench,динамометрический ключ,candidate
torque-to-yield bolt,болт с контролируемой пластической деформацией,candidate
torsional vibration damper,демпфер крутильных колебаний,candidate
Torx bit,бита Torx,candidate
TPMS calibration,калибровка системы контроля давления в шинах,candidate
TPMS initialization,инициализация системы контроля давления в шинах,candidate
TPMS sensor,датчик системы контроля давления в шинах,candidate
traction battery,тяговая аккумуляторная батарея,candidate
traction control system,противобуксовочная система,candidate
traction inverter,тяговый инвертор,candidate
traffic participant,участник дорожного движения,candidate
traffic sign recognition,распознавание дорожных знаков,candidate
trajectory,траектория движения,candidate
transfer case,раздаточная коробка,candidate
transfer case housing,картер раздаточной коробки,candidate
transfer data,передача данных,candidate
transition demand,требование перехода к ручному управлению,candidate
transition phase,переходная фаза,candidate
transmission control module,блок управления трансмиссией,candidate
transmission fluid,рабочая жидкость коробки передач,reviewed
transmission fluid temperature sensor,датчик температуры рабочей жидкости коробки передач,candidate
transmission housing,картер коробки передач,candidate
transmission oil,трансмиссионное масло,candidate
transmission oil cooler,охладитель рабочей жидкости коробки передач,candidate
transmission oil pan,поддон коробки передач,reviewed
transmission range sensor,датчик диапазона коробки передач,candidate
transparent conductive film,прозрачная токопроводящая плёнка,candidate
tread block,блок протектора,candidate
tread depth,глубина рисунка протектора,candidate
tread groove,канавка протектора,candidate
tread separation,расслоение протектора,candidate
tread wear indicator,индикатор износа протектора,candidate
trim clip,фиксатор облицовки,reviewed
trim line,линия обрезки,candidate
trim remover,съёмник облицовки,candidate
trip meter,счётчик пробега за поездку,candidate
tripod joint,трипоидный шарнир,candidate
Troubleshooting,Поиск и устранение неисправностей,approved
trunk floor,пол багажного отделения,candidate
trunk sill trim panel assembly,облицовка порога багажного отделения в сборе,candidate
tubeless tire,бескамерная шина,candidate
tubeless valve,вентиль бескамерной шины,candidate
turbine housing,корпус турбины,candidate
turbine wheel,турбинное колесо гидротрансформатора,candidate
turbocharger,турбокомпрессор,candidate
turbocharger actuator,исполнительный механизм турбокомпрессора,candidate
turbocharger compressor housing,корпус компрессора турбокомпрессора,candidate
turn,повернуть,candidate
turn clockwise,повернуть по часовой стрелке,candidate
turn counterclockwise,повернуть против часовой стрелки,candidate
turn off the power supply,отключить питание,candidate
twisted pair,витая пара,candidate
two-jaw puller,двухзахватный съёмник,candidate
unauthorized entry warning,предупреждение о несанкционированном проникновении,candidate
unbolt,отвернуть болты крепления,candidate
unclip,отсоединить фиксаторы,candidate
uncured foam,неотверждённая пена,candidate
underbody coating,антикоррозионное покрытие днища,candidate
underheating,недостаточный прогрев,candidate
underinflation,недостаточное давление в шине,candidate
uneven tire wear,неравномерный износ шины,candidate
unhook,снять с крючка,candidate
unified diagnostic services,унифицированные диагностические службы,candidate
uniformly arranged heating wires,равномерно расположенные нагревательные дорожки,candidate
union fitting,соединительный штуцер,candidate
universal joint,карданный шарнир,candidate
universal joint adapter,карданный переходник,candidate
unlock,разблокировать,candidate
unscrew,вывернуть,candidate
unstake,раскернить,candidate
update and configuration management,управление обновлением и конфигурацией,candidate
upper anchor,верхнее крепление ремня,candidate
upper control arm,верхний рычаг подвески,candidate
upper radiator hose,верхний шланг радиатора,candidate
upper tie bar,верхняя поперечина рамки радиатора,candidate
upstream oxygen sensor,верхний датчик кислорода,candidate
urea solution tank,бак раствора мочевины,candidate
usable battery capacity,доступная ёмкость аккумуляторной батареи,candidate
use a new part,использовать новую деталь,candidate
used engine oil,отработанное моторное масло,candidate
used oil filter,отработанный масляный фильтр,candidate
vacuum brake booster,вакуумный усилитель тормозов,candidate
vacuum gauge,вакуумметр,candidate
valve body,гидроблок,candidate
valve cap,колпачок вентиля,candidate
valve clearance,зазор в клапанном механизме,candidate
valve collet,сухарь клапана,candidate
valve core,золотник вентиля,candidate
valve face,рабочая фаска клапана,candidate
valve guide,направляющая втулка клапана,candidate
valve lifter,толкатель клапана,candidate
valve seat,седло клапана,candidate
valve spool,золотник клапана,candidate
valve spring,пружина клапана,candidate
valve spring compressor,рассухариватель клапанов,candidate
valve spring retainer,тарелка пружины клапана,candidate
valve stem,стержень клапана,deprecated
valve stem seal,маслосъёмный колпачок,candidate
valve train,клапанный механизм,candidate
vane pump,пластинчатый насос,candidate
vapor and spray,пары и аэрозоль,candidate
variable valve timing,система изменения фаз газораспределения,candidate
variable valve timing solenoid,электромагнитный клапан системы изменения фаз газораспределения,candidate
variator,вариатор,candidate
VCU mounting bracket assembly,кронштейн крепления VCU в сборе,candidate
vehicle actuator,исполнительный механизм автомобиля,candidate
vehicle attribute,атрибут автомобиля,candidate
vehicle body floor,панель пола кузова,candidate
vehicle data broker,брокер данных автомобиля,candidate
vehicle data model,модель данных автомобиля,candidate
vehicle data specification,спецификация данных автомобиля,candidate
vehicle height,высота автомобиля,candidate
vehicle length,длина автомобиля,candidate
vehicle locating function,функция поиска автомобиля,candidate
vehicle property,свойство автомобиля,candidate
vehicle search function,функция поиска автомобиля,candidate
vehicle service,сервис данных автомобиля,candidate
vehicle signal,сигнал автомобиля,candidate
vehicle signal specification,спецификация сигналов автомобиля,candidate
vehicle speed,скорость автомобиля,candidate
vehicle width,ширина автомобиля,candidate
vehicle-to-grid,обмен энергией между автомобилем и электросетью,candidate
vehicle-to-home,питание дома от автомобиля,candidate
vent,стравить воздух,reviewed
vent the system,стравить давление из системы,candidate
verify,убедиться,candidate
verify connector locking,проверить фиксацию разъёма,candidate
verify operation,проверить работоспособность,candidate
vernier caliper,штангенциркуль,candidate
VIN,VIN,approved
viscous coupling,вязкостная муфта,candidate
visor hook,фиксатор солнцезащитного козырька,candidate
visually inspect,осмотреть,candidate
voltage drop,падение напряжения,candidate
voltage lower limit,нижний предел напряжения,candidate
voltage regulator,регулятор напряжения,candidate
voltage upper limit,верхний предел напряжения,candidate
vulnerable road user,уязвимый участник дорожного движения,candidate
wake-up signal,сигнал пробуждения,candidate
warm up the engine,прогреть двигатель,candidate
warn pedestrians and other vehicles,предупреждать пешеходов и водителей других автомобилей,candidate
Warning,Предупреждение,approved
wash,промыть,candidate
washer,шайба,candidate
waste gas,отработавшие газы,candidate
wastegate actuator,привод перепускного клапана турбокомпрессора,candidate
wastegate valve,перепускной клапан турбокомпрессора,candidate
water pump,насос охлаждающей жидкости,candidate
wave washer,волнистая шайба,candidate
weatherproof connector,герметичный разъём,candidate
weld,сварить,candidate
weld bead,валик сварного шва,candidate
weld diameter,диаметр сварной точки,candidate
weld drill,сверло для сварных точек,candidate
weld in the specified sequence,выполнить сварку в указанной последовательности,candidate
weld nugget,литое ядро сварной точки,candidate
weld penetration,провар,candidate
weld pitch,шаг сварных точек,candidate
weld remover,инструмент для удаления сварных точек,candidate
weld respectively to,приварить соответственно к,candidate
weld spacing,расстояние между сварными точками,candidate
weld-through primer,токопроводящий сварочный грунт,candidate
welding clamp,сварочный зажим,candidate
welding location,место сварки,candidate
welding operation,сварочная операция,candidate
Welding precautions,Меры предосторожности при сварке,approved
well-ventilated area,хорошо проветриваемая зона,candidate
wheel,колесо,candidate
wheel alignment,углы установки колёс,reviewed
wheel balance weight,балансировочный груз,candidate
wheel balancer,балансировочный станок,candidate
wheel bearing,подшипник ступицы колеса,candidate
wheel bolt,колёсный болт,candidate
wheel cover,колёсный колпак,candidate
wheel cylinder,колёсный тормозной цилиндр,candidate
wheel disc,диск колеса,candidate
wheel hub,ступица колеса,candidate
wheel imbalance,дисбаланс колеса,candidate
wheel nut,колёсная гайка,candidate
wheel offset,вылет колеса,candidate
wheel rim,обод колеса,candidate
wheel runout,биение колеса,candidate
wheel speed,частота вращения колеса,candidate
wheel speed sensor,датчик частоты вращения колеса,candidate
wheel stud,шпилька колеса,candidate
wheelbase,колёсная база,candidate
wheelhouse,колёсная ниша,candidate
wheelhouse inner panel,внутренняя панель колёсной ниши,candidate
wheelhouse outer panel,наружная панель колёсной ниши,candidate
wheelhouse panel,панель колёсной арки,candidate
window switch panel,панель переключателей стеклоподъёмников,candidate
windscreen defrost system,система обогрева ветрового стекла,candidate
windscreen fogging,запотевание ветрового стекла,candidate
windscreen frost,иней на ветровом стекле,candidate
windshield opening,проём ветрового стекла,candidate
windshield washer fluid,жидкость стеклоомывателя,candidate
winter tire,зимняя шина,candidate
wipe,протереть,candidate
wipe clean,протереть начисто,candidate
wiper seal,грязесъёмное уплотнение,candidate
wiping cloth,обтирочная ветошь,candidate
wire clip,проволочный фиксатор,candidate
wire harness,жгут проводов,candidate
wireless power transfer,беспроводная передача энергии,candidate
withdraw,извлечь,candidate
working area,рабочая зона,candidate
working condition,исправное состояние,candidate
workshop tools and equipment,инструменты и оборудование мастерской,candidate
write data by identifier,запись данных по идентификатору,candidate
yaw rate sensor,датчик угловой скорости рыскания,candidate
zinc-rich primer,цинконаполненный грунт,candidate
